{
  "train_loss": 0.03189312323808938,
  "val_loss": 0.02579976525174595,
  "rmse": 0.1606230561995988,
  "mae": 0.0655415803194046,
  "mape": 50.82392120361328,
  "r2": 0.9737310409545898,
  "nrmse": 0.04726265523673226
}