{
  "train_loss": 0.039242838369501834,
  "val_loss": 0.03345761552339347,
  "rmse": 0.18291422711601502,
  "mae": 0.08687884360551834,
  "mape": 61.09673309326172,
  "r2": 0.9659339189529419,
  "nrmse": 0.05382173804073811
}