{
  "train_loss": 0.018300437261511246,
  "val_loss": 0.014462013716074796,
  "rmse": 0.12025810907208741,
  "mae": 0.0608677938580513,
  "mape": 29.232635498046875,
  "r2": 0.9852749705314636,
  "nrmse": 0.035385440191304296
}