{
  "train_loss": 0.029995081605386487,
  "val_loss": 0.024549008189943176,
  "rmse": 0.1566812227202939,
  "mae": 0.054729729890823364,
  "mape": 52.66740417480469,
  "r2": 0.9750045537948608,
  "nrmse": 0.046102787399941204
}