{
    "rmse": 12.926121817627305,
    "mae": 6.133655548095703,
    "mape": 440368.21875,
    "r2": 0.9577463269233704,
    "nrmse": 0.05668959762075865
}