{
  "train_loss": [
    0.039080073650450166,
    0.03905907074787179,
    0.03895115353543665,
    0.03890205589432538,
    0.03894623079038972,
    0.03888506527292941,
    0.03810808572630355,
    0.037976278562406346,
    0.03792311076206589,
    0.03789526417422044,
    0.037782263431371414,
    0.03782682291750235,
    0.03733750505657236,
    0.03728831907852646,
    0.03721232947315885
  ],
  "val_loss": [
    0.030363720891796588,
    0.030251262940721634,
    0.029316618815601186,
    0.029983610042836735,
    0.028845365942449724,
    0.029715406508493365,
    0.03585770455903699,
    0.03335464329877599,
    0.032082440805624925,
    0.0285797045259482,
    0.038588377954157885,
    0.029749740136597577,
    0.02920721384721909,
    0.03399482904103161,
    0.030235093153761192
  ],
  "rmse": [
    0.17425188638974107,
    0.17392890666057656,
    0.1712209600952427,
    0.17315776019220064,
    0.16983924149966423,
    0.17238156489152662,
    0.18936130422224307,
    0.18263252724260004,
    0.17911572291181868,
    0.1690553295920655,
    0.19643923959620224,
    0.1724811291565907,
    0.17090118405996085,
    0.1843768725865848,
    0.1738824170225474
  ],
  "mae": [
    0.088917076587677,
    0.07803761214017868,
    0.07521940022706985,
    0.08246111124753952,
    0.07225752621889114,
    0.07929639518260956,
    0.1160736232995987,
    0.09812379628419876,
    0.09107978641986847,
    0.07252726703882217,
    0.12501132488250732,
    0.07751806825399399,
    0.07528714090585709,
    0.1132427453994751,
    0.08133010566234589
  ],
  "mape": [
    66.23399353027344,
    59.022735595703125,
    58.4989128112793,
    59.624542236328125,
    59.467811584472656,
    53.883670806884766,
    61.096012115478516,
    58.199893951416016,
    55.00450134277344,
    58.779518127441406,
    57.726890563964844,
    56.21929168701172,
    59.9154052734375,
    60.59819030761719,
    57.53654098510742
  ],
  "r2": [
    0.9690840840339661,
    0.9691985845565796,
    0.9701502323150635,
    0.9694710969924927,
    0.9706300497055054,
    0.9697442054748535,
    0.9634901881217957,
    0.9660387635231018,
    0.9673340916633606,
    0.9709005355834961,
    0.9607098698616028,
    0.9697092175483704,
    0.9702616333961487,
    0.9653869271278381,
    0.9692150354385376
  ],
  "nrmse": [
    0.05127288090294189,
    0.05117784548306427,
    0.05038104365432913,
    0.050950938894843305,
    0.049974478798933415,
    0.05072254670906307,
    0.05571876322358385,
    0.053738849043900076,
    0.05270404423720894,
    0.049743816034188315,
    0.05780141578469319,
    0.05075184307314031,
    0.05028695090783255,
    0.05425211528697357,
    0.05116416610361377
  ]
}