{
  "train_loss": [
    0.054128463259273896,
    0.03969668747719937,
    0.037048588194441553,
    0.035854783824685564,
    0.03520781995269203,
    0.034871694156214064,
    0.034676093972978356,
    0.03436685626299291,
    0.03463573345780204,
    0.03401344492647021,
    0.033868734700504825,
    0.0337047292639462,
    0.03366307081554681,
    0.03357773519787573,
    0.03345064933355139,
    0.033498531240824594,
    0.033409046236104724,
    0.03347871150202741,
    0.03338780329737883,
    0.03340049665192537,
    0.03275775768880393,
    0.03257310618719108,
    0.03258767566799581,
    0.03250806465299262,
    0.03257963836015192,
    0.0324847241092398,
    0.032098265839922036,
    0.032002964381873875,
    0.03196750383338653
  ],
  "val_loss": [
    0.03114007075320241,
    0.026893851612691092,
    0.026460652842091672,
    0.030976612698207843,
    0.0272372549279033,
    0.026839003678796047,
    0.029844809779653494,
    0.027083658597741256,
    0.026225641543251636,
    0.027916142882717883,
    0.02635926758398301,
    0.026347288507848454,
    0.027915982916583516,
    0.025547084336223796,
    0.031154298473088003,
    0.027205965432796894,
    0.026376385620974913,
    0.02623676006805873,
    0.02639662227632156,
    0.02666704172845991,
    0.026753320101384457,
    0.026204026217393615,
    0.025629197808293064,
    0.02706127470368055,
    0.029955452208471747,
    0.02574134927696254,
    0.03506421234869974,
    0.026286653281997162,
    0.026547324168811053
  ],
  "rmse": [
    0.17646549353508942,
    0.16399344625912662,
    0.16266730824275435,
    0.17600173897114418,
    0.16503712692480052,
    0.1638261363973429,
    0.1727564975938796,
    0.16457113258995937,
    0.16194332189742958,
    0.16708124028256036,
    0.1623553684673849,
    0.1623184739924129,
    0.16708076648591538,
    0.15983454446583176,
    0.17650579432298352,
    0.1649423067329178,
    0.16240808243972005,
    0.16197765123224686,
    0.1624703696636656,
    0.1633004587911911,
    0.16356441980874392,
    0.16187657450311585,
    0.160091212488393,
    0.16450310760754197,
    0.17307642949117477,
    0.16044111039795658,
    0.18725439715156464,
    0.1621315894934812,
    0.1629334896506454
  ],
  "mae": [
    0.08034978806972504,
    0.06106164678931236,
    0.06945732980966568,
    0.08494432270526886,
    0.0663149431347847,
    0.06462141871452332,
    0.08960869908332825,
    0.07068940252065659,
    0.06568144261837006,
    0.07455364614725113,
    0.07002724707126617,
    0.07029229402542114,
    0.07006043940782547,
    0.0564831905066967,
    0.10344421118497849,
    0.0691685825586319,
    0.06665044277906418,
    0.06636233627796173,
    0.07200133800506592,
    0.0705963522195816,
    0.06737904995679855,
    0.06777484714984894,
    0.06434950977563858,
    0.06786306947469711,
    0.08849428594112396,
    0.061595793813467026,
    0.12387178093194962,
    0.0643567144870758,
    0.06954532861709595
  ],
  "mape": [
    52.08070373535156,
    54.099647521972656,
    60.05610656738281,
    57.035423278808594,
    52.926177978515625,
    57.203651428222656,
    49.85791778564453,
    55.74519729614258,
    54.63227081298828,
    55.07109832763672,
    52.096920013427734,
    50.86945724487305,
    47.387542724609375,
    57.42084503173828,
    55.841827392578125,
    55.237220764160156,
    50.39282989501953,
    50.537109375,
    58.06551742553711,
    54.28364181518555,
    53.93087387084961,
    51.535423278808594,
    56.11150360107422,
    51.97251510620117,
    51.75648880004883,
    52.34851837158203,
    54.72057342529297,
    51.645816802978516,
    49.165157318115234
  ],
  "r2": [
    0.9682936072349548,
    0.9726170301437378,
    0.9730581045150757,
    0.9684600234031677,
    0.9722673892974854,
    0.9726728796958923,
    0.9696124196052551,
    0.972423791885376,
    0.9732974171638489,
    0.9715761542320251,
    0.9731613397598267,
    0.9731735587120056,
    0.9715763330459595,
    0.9739882946014404,
    0.9682791233062744,
    0.9722992777824402,
    0.9731439352035522,
    0.9732860922813416,
    0.97312331199646,
    0.9728479981422424,
    0.9727601408958435,
    0.973319411277771,
    0.9739047288894653,
    0.9724465608596802,
    0.9694997668266296,
    0.9737905263900757,
    0.9642981290817261,
    0.9732353091239929,
    0.9729698896408081
  ],
  "nrmse": [
    0.051924225447215526,
    0.048254378263087996,
    0.04786416775815126,
    0.051787767627343335,
    0.04856147688669837,
    0.04820514804357727,
    0.05083286907166502,
    0.048424360023708916,
    0.047651137836763974,
    0.04916294860052599,
    0.04777238079800533,
    0.04776152475471989,
    0.049162809187866224,
    0.047030638992583355,
    0.05193608378367776,
    0.0485335764460987,
    0.04778789166151137,
    0.04766123909840327,
    0.047806219413831896,
    0.04805046963032165,
    0.04812813904381502,
    0.04763149769816843,
    0.047106162473132325,
    0.048404343960215,
    0.0509270076799001,
    0.047209118453793074,
    0.05509881472519663,
    0.04770653478098211,
    0.047942490512114744
  ]
}