{
  "train_loss": 0.0298095449790432,
  "val_loss": 0.024713639418840597,
  "rmse": 0.15720571652228893,
  "mae": 0.05748283118009567,
  "mape": 51.629573822021484,
  "r2": 0.9748368859291077,
  "nrmse": 0.04625711748382836
}