{
    "rmse": 11.321216239158629,
    "mae": 4.635251998901367,
    "mape": 4664530.0,
    "r2": 0.967587411403656,
    "nrmse": 0.04965102798653437
}