{
  "train_loss": [
    0.0632783968387544,
    0.04522965213652381,
    0.04216945996447882,
    0.04132357762943255,
    0.040856108061206674,
    0.04062841954802465,
    0.04003152560760882,
    0.03958544281552218,
    0.03944225519969612,
    0.03941137707569262,
    0.03882917440371264,
    0.038558706422578526,
    0.038575891128573556,
    0.038429363090575014,
    0.03840025953468056,
    0.03838193264399688,
    0.038220561011939144,
    0.038150339259977885,
    0.03780341207287605,
    0.03773314203830967,
    0.03767217692271897,
    0.03760349174489549,
    0.03758522384133874,
    0.037609212406651917,
    0.037348825247271004,
    0.03725861638864502,
    0.037332635170684816
  ],
  "val_loss": [
    0.04819253079674418,
    0.03260223080287174,
    0.03255796140163228,
    0.028748899939402064,
    0.029747482679555185,
    0.030275158698860945,
    0.029142675603428324,
    0.029836516568106267,
    0.02913533067597873,
    0.028758631397099065,
    0.02926858721553518,
    0.028089149943256408,
    0.028721756909036278,
    0.02937831712144079,
    0.028915024904689314,
    0.029388384281732946,
    0.029849769749495405,
    0.03008104539245584,
    0.028458097396369474,
    0.029615224658890008,
    0.02989154789066497,
    0.029362806562030642,
    0.028781634350934775,
    0.030297853214552823,
    0.03084873053259394,
    0.029435305180411892,
    0.028902624646732763
  ],
  "rmse": [
    0.2195279643807306,
    0.18056087124368198,
    0.18043824594486854,
    0.16955501042700744,
    0.17247458476312286,
    0.17399758212147057,
    0.17071226060632233,
    0.17273250617642888,
    0.1706907427157441,
    0.16958369661178233,
    0.17108064475012547,
    0.1675981769702603,
    0.1694749347480404,
    0.1714010368517642,
    0.1700441808212851,
    0.1714304083105928,
    0.1727708531116766,
    0.1734388793856093,
    0.16869528134960995,
    0.17209073637212496,
    0.1728917253030894,
    0.17135577995812407,
    0.16965151248001056,
    0.1740627848008187,
    0.17563806636233836,
    0.17156720235769335,
    0.17000771689080316
  ],
  "mae": [
    0.16033126413822174,
    0.10515692085027695,
    0.09000558406114578,
    0.0729350671172142,
    0.08571656793355942,
    0.08615943789482117,
    0.07534559071063995,
    0.0847725048661232,
    0.07521151006221771,
    0.07565372437238693,
    0.07557658106088638,
    0.07009290903806686,
    0.07038022577762604,
    0.0744984969496727,
    0.07329462468624115,
    0.07610048353672028,
    0.07865898311138153,
    0.07505906373262405,
    0.07191652059555054,
    0.07345708459615707,
    0.07656587660312653,
    0.0750904530286789,
    0.07165614515542984,
    0.07624179124832153,
    0.0889294371008873,
    0.07378679513931274,
    0.07211659103631973
  ],
  "mape": [
    68.16068267822266,
    64.15644836425781,
    54.707950592041016,
    60.23447036743164,
    67.10585021972656,
    60.40633773803711,
    62.16212463378906,
    65.54408264160156,
    62.288021087646484,
    63.55141830444336,
    61.10652542114258,
    60.810081481933594,
    62.58509826660156,
    62.97887420654297,
    58.942176818847656,
    60.928199768066406,
    59.68656539916992,
    55.59653091430664,
    61.03569412231445,
    57.04034423828125,
    60.65327453613281,
    61.031036376953125,
    61.290245056152344,
    58.01559829711914,
    62.39784240722656,
    58.744476318359375,
    58.574729919433594
  ],
  "r2": [
    0.9509310126304626,
    0.9668048620223999,
    0.9668499231338501,
    0.9707282781600952,
    0.9697115421295166,
    0.9691742658615112,
    0.9703273177146912,
    0.9696208834648132,
    0.9703348278999329,
    0.9707183837890625,
    0.9701991081237793,
    0.9714000225067139,
    0.970755934715271,
    0.9700874090194702,
    0.9705591201782227,
    0.9700771570205688,
    0.9696073532104492,
    0.9693719148635864,
    0.9710243344306946,
    0.9698461890220642,
    0.9695648550987244,
    0.9701032042503357,
    0.9706949591636658,
    0.9691511392593384,
    0.968590259552002,
    0.970029354095459,
    0.970571756362915
  ],
  "nrmse": [
    0.06459517544265246,
    0.053129273024350915,
    0.05309319104858575,
    0.04989084500741938,
    0.05074991741302948,
    0.05119805294709997,
    0.05023136098029216,
    0.05082580969850626,
    0.05022502943195856,
    0.049899285796015685,
    0.05033975645722551,
    0.04931505503548026,
    0.049867283077411256,
    0.050434030478643116,
    0.05003478132791893,
    0.050442672906232666,
    0.0508370931220874,
    0.05103365702904437,
    0.04963787336098564,
    0.05063697164673572,
    0.05087265925341137,
    0.05042071382901755,
    0.049919240328543495,
    0.05121723855984732,
    0.05168075849966447,
    0.05048292397628151,
    0.05002405197052952
  ]
}