{
  "train_loss": [
    0.056726563384555,
    0.03900408142816298,
    0.03604239105995595,
    0.035095327429612924,
    0.03452346657278202,
    0.03437591802092281,
    0.03425764936384515,
    0.03377733694892935,
    0.03351536912254064,
    0.03331972054972854,
    0.03326501476183257,
    0.0331702295089014,
    0.03314046610300693,
    0.032963545153157,
    0.0327401244499755,
    0.032647572554909826,
    0.03210308400162886,
    0.03206582309212473,
    0.032025729223775425,
    0.03189609363522524,
    0.0319733062872158,
    0.031863783251946734,
    0.031782326217415266,
    0.031775874968357314,
    0.031753010801934066,
    0.031772740560209796,
    0.03171642804804754,
    0.03169683573138974,
    0.0313335131729502,
    0.03136487960142108,
    0.03125019663433434,
    0.03127215937478716,
    0.0312266201074525,
    0.031245425828021645,
    0.03115605909308054,
    0.0312603297998344,
    0.030901393536085908,
    0.03093937056479619,
    0.03093863418832112,
    0.030927293732639957,
    0.03087423957622489,
    0.03092658104349396,
    0.030801040979295504,
    0.030736388402141736,
    0.030808466977230928
  ],
  "val_loss": [
    0.029874648600871755,
    0.028666603323066482,
    0.026839391027074395,
    0.028465831431512295,
    0.026777681649124637,
    0.026417525164840406,
    0.026551285187032776,
    0.026800892587955386,
    0.026264191023769957,
    0.0260483382494318,
    0.026175170587716946,
    0.027118726109363334,
    0.02608857596358158,
    0.026479978189762114,
    0.02680137061502774,
    0.02768980181471834,
    0.025715534455754654,
    0.02582878704754088,
    0.025978579717735147,
    0.02532983714617193,
    0.026190306830742756,
    0.02519854907651364,
    0.025449053468986946,
    0.02544461904710813,
    0.025278545029077726,
    0.02541344844995077,
    0.025529342645386092,
    0.026222882753122744,
    0.02515805337398494,
    0.024915444972214436,
    0.025232761563723064,
    0.025397161890749052,
    0.025405600261365284,
    0.02494708273681034,
    0.025304626113303582,
    0.025406109438192305,
    0.025660727898156026,
    0.025131731936625143,
    0.02511499531560708,
    0.02498090878483704,
    0.025016215242096133,
    0.025118362616914545,
    0.024929477370968994,
    0.024933065065318644,
    0.025151564643525942
  ],
  "rmse": [
    0.17284284451153872,
    0.16931214500923722,
    0.16382731883624244,
    0.16871820189974662,
    0.16363887363116936,
    0.16253468436771523,
    0.16294564706051337,
    0.16370977222462083,
    0.16206230491335152,
    0.16139497526475072,
    0.16178742001222138,
    0.16467764743525973,
    0.1615195805505425,
    0.16272669760788036,
    0.16371123994486675,
    0.16640252301694444,
    0.16036063039697682,
    0.16071337236511976,
    0.16117871526532435,
    0.15915349733169454,
    0.16183419598879198,
    0.15874050847912546,
    0.15952759151018697,
    0.15951369061914641,
    0.15899227671001923,
    0.15941595902234357,
    0.15977903463706847,
    0.16193480456562906,
    0.15861289796664307,
    0.15784627203700344,
    0.15884823605665999,
    0.1593648675895307,
    0.15939134439171976,
    0.15794644313357956,
    0.15907427450978634,
    0.15939293367800345,
    0.16018966582066127,
    0.15852990956099763,
    0.15847711032230208,
    0.15805349809399794,
    0.15816515007596677,
    0.15848773504134922,
    0.15789070599387317,
    0.15790206614798022,
    0.1585924456218579
  ],
  "mae": [
    0.0785173550248146,
    0.07541759312152863,
    0.06472739577293396,
    0.0724712610244751,
    0.061456453055143356,
    0.0600467212498188,
    0.0624079629778862,
    0.06050843745470047,
    0.059542231261730194,
    0.060940299183130264,
    0.05763114616274834,
    0.06475691497325897,
    0.06412720680236816,
    0.06875468045473099,
    0.07066389173269272,
    0.0814242884516716,
    0.05912771448493004,
    0.05832388997077942,
    0.06368808448314667,
    0.0568217933177948,
    0.07088600844144821,
    0.056601062417030334,
    0.056925736367702484,
    0.05846696346998215,
    0.05609993264079094,
    0.05654876306653023,
    0.05826671048998833,
    0.0736326351761818,
    0.05494485795497894,
    0.053408801555633545,
    0.05904363840818405,
    0.06187954545021057,
    0.05921949818730354,
    0.05428429692983627,
    0.05945860221982002,
    0.05790634825825691,
    0.06390475481748581,
    0.056559331715106964,
    0.05672172084450722,
    0.05507788807153702,
    0.05723389610648155,
    0.0577782541513443,
    0.05411054566502571,
    0.054691266268491745,
    0.06008908897638321
  ],
  "mape": [
    53.646427154541016,
    55.929927825927734,
    57.841705322265625,
    56.024253845214844,
    56.53097152709961,
    54.30184555053711,
    54.1531867980957,
    57.25779724121094,
    56.9445915222168,
    57.211612701416016,
    57.46073913574219,
    53.61056900024414,
    53.14750671386719,
    55.070411682128906,
    61.30086135864258,
    55.5277099609375,
    53.20726013183594,
    57.02450180053711,
    53.69740295410156,
    57.14704895019531,
    58.2805290222168,
    56.89842224121094,
    57.32609176635742,
    56.07175827026367,
    55.50522232055664,
    56.20756912231445,
    53.22732162475586,
    59.30978775024414,
    50.85951614379883,
    54.32566833496094,
    53.08595275878906,
    58.193634033203125,
    55.823062896728516,
    52.91878128051758,
    51.048831939697266,
    51.7125358581543,
    55.672752380371094,
    51.46735382080078,
    53.25328063964844,
    52.4792594909668,
    52.733985900878906,
    52.98454666137695,
    52.38238525390625,
    52.76484680175781,
    53.09572982788086
  ],
  "r2": [
    0.9695820212364197,
    0.9708120822906494,
    0.9726725220680237,
    0.9710164666175842,
    0.9727353453636169,
    0.9731020331382751,
    0.9729658365249634,
    0.9727116823196411,
    0.9732581377029419,
    0.9734779596328735,
    0.9733487963676453,
    0.9723880887031555,
    0.9734369516372681,
    0.9730384349822998,
    0.9727112054824829,
    0.9718066453933716,
    0.9738168120384216,
    0.9737014770507812,
    0.973548948764801,
    0.9742094874382019,
    0.9733334183692932,
    0.9743431806564331,
    0.9740881323814392,
    0.9740926623344421,
    0.9742617607116699,
    0.9741243720054626,
    0.9740063548088074,
    0.9733002185821533,
    0.9743844270706177,
    0.9746314287185669,
    0.9743083715438843,
    0.9741409420967102,
    0.9741323590278625,
    0.9745992422103882,
    0.9742351770401001,
    0.9741318225860596,
    0.9738726019859314,
    0.9744111895561218,
    0.9744282364845276,
    0.974564790725708,
    0.9745288491249084,
    0.9744248390197754,
    0.9746171236038208,
    0.9746134877204895,
    0.9743910431861877
  ],
  "nrmse": [
    0.050858276287146,
    0.04981938288497829,
    0.04820549597122458,
    0.04964461763596444,
    0.04815004676630274,
    0.04782514374360167,
    0.04794606777857172,
    0.04817090837769496,
    0.04768614808618643,
    0.04748978915828833,
    0.04760526436613224,
    0.04845570156663641,
    0.047526453736851285,
    0.04788164282776512,
    0.048171340248172385,
    0.048963238914463476,
    0.047185437553742014,
    0.0472892303866162,
    0.04742615556771785,
    0.046830243752558204,
    0.04761902799948803,
    0.04670872352864135,
    0.04694031938305913,
    0.04693622910463785,
    0.04678280526620651,
    0.04690747199544869,
    0.047014305460143097,
    0.047648631647889544,
    0.04667117467482958,
    0.046445598236020735,
    0.04674042191290179,
    0.046892438557337636,
    0.04690022924444844,
    0.04647507315770495,
    0.0468069327721341,
    0.04690069688521855,
    0.04713513194993097,
    0.04664675568731017,
    0.04663121973453806,
    0.04650657362722253,
    0.046539426750896964,
    0.046634346013200614,
    0.046458672739980666,
    0.04646201541730048,
    0.04666515665884087
  ]
}