{
  "train_loss": 0.03126480925498951,
  "val_loss": 0.024945490249845527,
  "rmse": 0.1579414133855867,
  "mae": 0.06031062826514244,
  "mape": 49.554954528808594,
  "r2": 0.9746008515357971,
  "nrmse": 0.046473593175621816
}