{
  "train_loss": 0.03080358414620989,
  "val_loss": 0.03196727366429228,
  "rmse": 0.17879394521248881,
  "mae": 0.10687971860170364,
  "mape": 54.08641052246094,
  "r2": 0.9674513339996338,
  "nrmse": 0.05260936250952846
}