{
    "rmse": 10.877749742162898,
    "mae": 4.116823673248291,
    "mape": 4893007.0,
    "r2": 0.9700769186019897,
    "nrmse": 0.04770613381719009
}