{
  "train_loss": [
    0.040133155203541555,
    0.02319358873941849,
    0.021773085703975383,
    0.02105660455480945,
    0.020653636530612023,
    0.020083613666391803,
    0.01973739480471018,
    0.01947686479925372,
    0.019046328164000936,
    0.019026808061409838,
    0.01889917081194631,
    0.018759765412115364,
    0.018793542529346084,
    0.01869163050762319,
    0.018702096865098678,
    0.018670907702625958,
    0.01856517131055016,
    0.018548382222415432,
    0.018526505947849065,
    0.017818801325469594,
    0.017793264885361242,
    0.017750429187155702,
    0.01770762134780443,
    0.017720034300657054,
    0.017653464013229266,
    0.01764068391718986,
    0.017513941344739242,
    0.0174829174380258,
    0.01749732719131621,
    0.017508725240640042,
    0.017406742146493584,
    0.017426355936571644,
    0.017429767144890126,
    0.017378271742352285,
    0.017433461467677592,
    0.017415002244813294,
    0.017392051640645258,
    0.017368876148011445,
    0.0173635862853765,
    0.01742890325930925,
    0.017389042343952124,
    0.01699507483710664,
    0.016943557101916175,
    0.016950906684299546,
    0.016914189884638636,
    0.016946568535007412,
    0.016890912757878684,
    0.016736542027889698,
    0.01667454846460354,
    0.016676392104675305,
    0.016606039198431496,
    0.01662689628423818,
    0.01667239426036917,
    0.016640852397580955,
    0.01664618828178628,
    0.016545858066026552,
    0.016465619665987377,
    0.016435831309541533,
    0.01650359537256422,
    0.016490448158816895,
    0.016468849345897877,
    0.016494748274943183,
    0.016511792418143954,
    0.0165061488125133,
    0.016460104096260607,
    0.016512952908879833,
    0.016468444900229227,
    0.016453225267486046,
    0.016492758809416926,
    0.016481815276343934,
    0.016396666482873582,
    0.01633924775479071,
    0.016374629068254428,
    0.01636315539965812,
    0.01638632616964883,
    0.016356276551829363,
    0.016455679143536975,
    0.01640428776003726,
    0.016314767775069492,
    0.016299386099127584,
    0.016373074134503843,
    0.016321029651850057,
    0.016327570492237264,
    0.016296000172655704,
    0.016315031212897995,
    0.01630998678811047,
    0.016279637436420916
  ],
  "val_loss": [
    0.014018088991667595,
    0.013389841342797686,
    0.013545537963682222,
    0.011599548916738799,
    0.01354365134204086,
    0.010987968748704679,
    0.011890509960001154,
    0.01148043481100075,
    0.010665264448127477,
    0.010942294230994043,
    0.011048843748751626,
    0.011459921192997876,
    0.010454918127818137,
    0.010958949613678994,
    0.010949169448756263,
    0.010672617545720903,
    0.011890724878408204,
    0.010909296939084222,
    0.01168532161701861,
    0.010520107721486573,
    0.013302275055926776,
    0.010489647964015334,
    0.010296140480441354,
    0.010324072271671364,
    0.010251868254770487,
    0.010452105815195812,
    0.010182741557631905,
    0.00989404371336359,
    0.009946239391864444,
    0.01044999110859177,
    0.010574685527532643,
    0.010681365027165327,
    0.010723522167866872,
    0.009759945046492807,
    0.00952778286297306,
    0.010549080833990695,
    0.009790907952810993,
    0.010092260844482885,
    0.011098243845145623,
    0.011409074022158246,
    0.009761333425191093,
    0.010280120641201247,
    0.009954868939786738,
    0.009815873882664448,
    0.009975950350946214,
    0.009635134719025532,
    0.010197884378082956,
    0.009472982264388592,
    0.009392580658747126,
    0.010264696854791927,
    0.009725904059210725,
    0.010288563546552287,
    0.009907756628871096,
    0.009851709862313464,
    0.009620417854151138,
    0.009704649965945175,
    0.009587115014113844,
    0.00928186140388124,
    0.00962414031399657,
    0.009519804917545031,
    0.00954583376803828,
    0.009432547222031176,
    0.009264488981333899,
    0.009565733105372074,
    0.009650880549823354,
    0.009521316685656613,
    0.00950083209475517,
    0.009363459890276765,
    0.009385571040750239,
    0.009653882097822896,
    0.009558930762119229,
    0.009037241061971998,
    0.009401556354391726,
    0.009435729602939152,
    0.009468408999928162,
    0.00962999793602447,
    0.009743663205898088,
    0.009647484533192158,
    0.009471763050866971,
    0.009728831311053452,
    0.009425018053943166,
    0.009380489791842712,
    0.009401611527479503,
    0.00956877170523817,
    0.009394083304529403,
    0.009309773257322226,
    0.009490038848599584
  ],
  "rmse": [
    0.11839800918587211,
    0.11571448333465703,
    0.11638529704160708,
    0.1077011941888633,
    0.11637719066864839,
    0.1048235141338835,
    0.10904361130219166,
    0.10714679088850128,
    0.10327276946005483,
    0.10460541731204474,
    0.10511347750322536,
    0.10705101846948101,
    0.10224929465718642,
    0.10468499942184388,
    0.10463828275023435,
    0.1033083577081431,
    0.10904460203357509,
    0.1044475781059973,
    0.10809866376374294,
    0.10256757339834513,
    0.11533549285009168,
    0.10241898363107357,
    0.10146989635410919,
    0.10160744112894257,
    0.10125150658081176,
    0.10223554012043362,
    0.10090956429785698,
    0.09946880519624522,
    0.09973083365169923,
    0.10222520022710846,
    0.10283328487577616,
    0.10335068788013466,
    0.1035544394652376,
    0.09879243323057399,
    0.09761036271611803,
    0.10270871251650772,
    0.09894901522467561,
    0.10046024246444107,
    0.1053482002511025,
    0.10681327164445452,
    0.09879946085670797,
    0.10139092753549354,
    0.09977409356722748,
    0.09907509060399997,
    0.09987967411999156,
    0.09815872621130266,
    0.10098457046423766,
    0.09732925026917229,
    0.09691532395574742,
    0.10131483876189852,
    0.0986199937176538,
    0.10143255210062789,
    0.09953771612850976,
    0.09925578038350931,
    0.09808372872591471,
    0.09851217918813275,
    0.0979138124925853,
    0.09634241363224655,
    0.0981026982594617,
    0.09756948431284955,
    0.09770278298857879,
    0.09712129938594583,
    0.09625221402389963,
    0.09780456247968473,
    0.09823889489846639,
    0.09757722995460567,
    0.09747220817025398,
    0.09676497002110007,
    0.09687915608504709,
    0.09825417102357493,
    0.0977697761602991,
    0.09506440627113563,
    0.0969616218120428,
    0.0971376812758673,
    0.09730574649768976,
    0.09813255028165385,
    0.09870999687148203,
    0.09822160626584307,
    0.09732297772912549,
    0.09863483313577456,
    0.0970825318104206,
    0.09685292761596737,
    0.0969619003584962,
    0.09782009684826286,
    0.09692308343942363,
    0.09648716667708035,
    0.09741682743893947
  ],