{
  "train_loss": [
    0.056413099826626324,
    0.04415535803133431,
    0.0432009842818077,
    0.04264305340223646,
    0.042166799524648885,
    0.04188948041012506,
    0.04144158845033578,
    0.041092141241503274,
    0.040899130286219595,
    0.04065911361085581,
    0.0404933018998549,
    0.04028356562980379,
    0.03923079168180922,
    0.03924283412484229,
    0.039125925237831136,
    0.039101623528495055,
    0.039018138295531836,
    0.03886667182703565,
    0.03893034732656338,
    0.0388254078429533,
    0.038770142586902076,
    0.038669319469028185,
    0.03828506917450827,
    0.03812570583288368,
    0.03807351650493247,
    0.03811026813781322,
    0.03800633898588875,
    0.03801289071254205,
    0.03770412773038426,
    0.03769313005719429,
    0.03755422049654155
  ],
  "val_loss": [
    0.07397074273291714,
    0.029488630292383227,
    0.05634187937404562,
    0.029436797374031102,
    0.029650424979243566,
    0.02817825818850112,
    0.0290854779215115,
    0.02833005080823741,
    0.031611901419568184,
    0.029620631803376585,
    0.028251174374508,
    0.028882956888265504,
    0.02904514027679397,
    0.029110671030913183,
    0.03054063016356399,
    0.02790036718474138,
    0.02874069264671243,
    0.02814696669328407,
    0.030082502552229523,
    0.02799137566163491,
    0.029215464217356615,
    0.030486441538642266,
    0.02796067700185551,
    0.029220840216950122,
    0.028381018932811936,
    0.02963165631659477,
    0.02806147326885021,
    0.028964984009389492,
    0.028903795449953414,
    0.02879528772459607,
    0.02895485268389998
  ],
  "rmse": [
    0.2719756285472472,
    0.17172253955967176,
    0.23736444356686018,
    0.171571550391113,
    0.17219298922552184,
    0.16786380749790558,
    0.17054464503886713,
    0.16831533028467782,
    0.17779735874479316,
    0.17210644614298568,
    0.16808085249279792,
    0.1699498635842134,
    0.17042634881592278,
    0.17061849281282987,
    0.1747587772369871,
    0.16703403238632236,
    0.16953079667448268,
    0.1677705793392631,
    0.1734430731058392,
    0.1673062366357764,
    0.17092531265385305,
    0.17460366630182858,
    0.16721446318987118,
    0.1709410423577768,
    0.1684666727596403,
    0.1721384781600322,
    0.16751558697471192,
    0.1701910200315357,
    0.17001115711498818,
    0.16969173565736412,
    0.17016125402807747
  ],
  "mae": [
    0.23547162115573883,
    0.07474962621927261,
    0.18590250611305237,
    0.07878749072551727,
    0.07719863206148148,
    0.07304393500089645,
    0.07988470047712326,
    0.07590240985155106,
    0.08714764565229416,
    0.0793091282248497,
    0.07318439334630966,
    0.07635221630334854,
    0.07633472979068756,
    0.07449188083410263,
    0.08096500486135483,
    0.07108809798955917,
    0.0738830715417862,
    0.07247165590524673,
    0.07762055099010468,
    0.0750051885843277,
    0.07705587893724442,
    0.08445034176111221,
    0.07345511019229889,
    0.0756906121969223,
    0.07285191118717194,
    0.07749562710523605,
    0.0716388151049614,
    0.07572910934686661,
    0.07435130327939987,
    0.07640784233808517,
    0.07828961312770844
  ],
  "mape": [
    72.59971618652344,
    57.547996520996094,
    67.56376647949219,
    61.97687911987305,
    53.67902374267578,
    61.975807189941406,
    57.224891662597656,
    62.87692642211914,
    55.1378173828125,
    59.645755767822266,
    62.212257385253906,
    55.11717987060547,
    57.10599899291992,
    56.07363510131836,
    56.34971237182617,
    58.76337432861328,
    60.78728485107422,
    61.195796966552734,
    57.67681121826172,
    61.704856872558594,
    60.2613525390625,
    61.168521881103516,
    60.211551666259766,
    60.07596206665039,
    58.58768844604492,
    59.767574310302734,
    58.335662841796875,
    60.216609954833984,
    57.15422058105469,
    57.877288818359375,
    56.05493927001953
  ],
  "r2": [
    0.9246839880943298,
    0.9699750542640686,
    0.9426334500312805,
    0.9700278639793396,
    0.9698103666305542,
    0.9713093042373657,
    0.9703855514526367,
    0.9711547493934631,
    0.9678131937980652,
    0.9698407053947449,
    0.9712350368499756,
    0.9705917835235596,
    0.970426619052887,
    0.9703599214553833,
    0.9689039587974548,
    0.9715922474861145,
    0.9707366228103638,
    0.9713411331176758,
    0.969370424747467,
    0.9714995622634888,
    0.9702532291412354,
    0.9689591526985168,
    0.9715307950973511,
    0.970247745513916,
    0.9711028337478638,
    0.9698294401168823,
    0.9714282155036926,
    0.9705082774162292,
    0.9705705642700195,
    0.9706810116767883,
    0.9705185890197754
  ],
  "nrmse": [
    0.08002767889591562,
    0.05052863129126014,
    0.06984348403767532,
    0.050484203366733496,
    0.05066705911656361,
    0.04939321569526032,
    0.05018204080818001,
    0.04952607436641041,
    0.05231612115457776,
    0.05064159418039686,
    0.04945708026742801,
    0.05000702887964611,
    0.05014723264468773,
    0.050203770203469715,
    0.05142203139181239,
    0.049149057876634046,
    0.049883720213105026,
    0.049365783703711114,
    0.051034891013492636,
    0.04922915282626527,
    0.050294050644579286,
    0.051376390654888957,
    0.04920214887778906,
    0.05029867904345996,
    0.049570606249852704,
    0.050651019465994256,
    0.0492907532784476,
    0.050077988144757744,
    0.05002506424195207,
    0.04993107582843228,
    0.05006922962407891
  ]
}