{
  "train_loss": [
    0.0511886718264287,
    0.03816006910664471,
    0.03701106934098238,
    0.03643509730110684,
    0.036022836645512604,
    0.035371719935932106,
    0.03492901026605701,
    0.0347013653256064,
    0.03467069829837232,
    0.03449923796893331,
    0.034618883406649155,
    0.03425476494201263,
    0.03419036708792526,
    0.03420349943077129,
    0.03375380219748956,
    0.03366351586419993,
    0.033607901652017845,
    0.033013052405442715,
    0.03298313613152476,
    0.0328998038583689,
    0.03294317217763629,
    0.03282490691858036,
    0.032859540861022725,
    0.03278137270203576,
    0.03247883271931283,
    0.032291363706772526,
    0.03228461293403515,
    0.03227690062149489,
    0.03225614250782216,
    0.032267384612434266,
    0.03227374375969011,
    0.03206750644063998,
    0.03195871765622395,
    0.031963277759111,
    0.03195099602449289,
    0.03193999245476343,
    0.03189097148522188,
    0.031813706461907336,
    0.031719684918986205,
    0.03170121804271453
  ],
  "val_loss": [
    0.028538009130236467,
    0.027054871273525242,
    0.027154480716151688,
    0.027526592659215827,
    0.026453244532243705,
    0.02662118594571817,
    0.0262892774362729,
    0.02630618784491524,
    0.026857929373237197,
    0.02607210644874824,
    0.025648899976234357,
    0.027021536420473086,
    0.028001141191187157,
    0.026211179731673834,
    0.02574943891030322,
    0.02865832156860507,
    0.031381365814722936,
    0.02554297715478561,
    0.02606260540623818,
    0.025731871557149948,
    0.025684226178520675,
    0.025731373870822027,
    0.02847893873503866,
    0.02618953934099887,
    0.025289132677772854,
    0.026351467848759202,
    0.025758104351606345,
    0.025958182418953,
    0.026999706478108045,
    0.028713342149496588,
    0.027844036331595053,
    0.02571746348254719,
    0.03163182607774271,
    0.027472253594083337,
    0.025631313323980207,
    0.025458375987731333,
    0.025610342221893078,
    0.026060373132299974,
    0.025488124203067907,
    0.025553880284029076
  ],
  "rmse": [
    0.16893197155796624,
    0.16448364812698138,
    0.16478616761867845,
    0.1659114005600096,
    0.16264453132072906,
    0.16315999890637942,
    0.16213968292400835,
    0.162191823881501,
    0.16388389538599357,
    0.16146859526068477,
    0.16015273764875942,
    0.16438228798617563,
    0.16733541407334754,
    0.16189866562215965,
    0.16046631850208443,
    0.1692876874651417,
    0.17714786171951008,
    0.15982170170127413,
    0.16143916513630593,
    0.16041157304636722,
    0.1602629852512661,
    0.16041001127007273,
    0.16875703607125142,
    0.16183181924112483,
    0.15902556230310397,
    0.16233135445004346,
    0.16049331574506967,
    0.16111543735111658,
    0.16431587386013866,
    0.169450115970331,
    0.16686531735307264,
    0.16036665284383644,
    0.17785338724475042,
    0.16574755511379435,
    0.1600978209748444,
    0.15955680804031203,
    0.16003231742933452,
    0.1614322481054313,
    0.15965000249825037,
    0.1598558108402527
  ],
  "mae": [
    0.06990709155797958,
    0.06384779512882233,
    0.0730503723025322,
    0.07079661637544632,
    0.06431970745325089,
    0.06849148869514465,
    0.06149235740303993,
    0.06496752053499222,
    0.06913647055625916,
    0.06516396999359131,
    0.06428160518407822,
    0.06879813969135284,
    0.0723777785897255,
    0.06249789893627167,
    0.05840463936328888,
    0.07949431985616684,
    0.09382357448339462,
    0.05981298163533211,
    0.06690856069326401,
    0.062116220593452454,
    0.06327638775110245,
    0.06237342581152916,
    0.07538715749979019,
    0.06401465088129044,
    0.05825265124440193,
    0.06872659921646118,
    0.06437824666500092,
    0.0654832050204277,
    0.07410385459661484,
    0.08283308148384094,
    0.07526231557130814,
    0.06357572227716446,
    0.08919075131416321,
    0.07220539450645447,
    0.0627407506108284,
    0.06137746572494507,
    0.062043845653533936,
    0.0673195868730545,
    0.06279022246599197,
    0.06196027621626854
  ],
  "mape": [
    59.59267044067383,
    56.59724044799805,
    54.78483581542969,
    53.03934097290039,
    53.82059097290039,
    57.04587173461914,
    50.504638671875,
    52.54145431518555,
    51.22771453857422,
    53.62189483642578,
    50.49635314941406,
    53.91447448730469,
    53.04267501831055,
    56.44847106933594,
    49.04885482788086,
    50.4161491394043,
    54.73255920410156,
    50.767852783203125,
    52.85909652709961,
    55.034385681152344,
    50.64085006713867,
    53.048728942871094,
    53.564422607421875,
    51.0267448425293,
    48.03984832763672,
    50.670528411865234,
    49.724998474121094,
    48.38600158691406,
    48.566932678222656,
    51.984127044677734,
    50.61281967163086,
    50.49732208251953,
    49.084415435791016,
    49.115909576416016,
    48.87925338745117,
    49.29000473022461,
    49.93642044067383,
    49.62103271484375,
    52.1763801574707,
    48.19580841064453
  ],
  "r2": [
    0.9709429740905762,
    0.9724531173706055,
    0.9723516702651978,
    0.9719728231430054,
    0.9730656743049622,
    0.9728946685791016,
    0.973232626914978,
    0.9732154011726379,
    0.9726536273956299,
    0.9734537601470947,
    0.973884642124176,
    0.9724870324134827,
    0.9714896082878113,
    0.9733121395111084,
    0.9737823009490967,
    0.9708204865455627,
    0.9680479168891907,
    0.9739924669265747,
    0.9734634160995483,
    0.9738001823425293,
    0.9738487005233765,
    0.9738006591796875,
    0.9710031151771545,
    0.9733341932296753,
    0.9742509722709656,
    0.9731693267822266,
    0.9737734794616699,
    0.9735697507858276,
    0.9725092649459839,
    0.9707644581794739,
    0.9716495871543884,
    0.973814845085144,
    0.9677929282188416,
    0.9720281362533569,
    0.9739025235176086,
    0.9740786552429199,
    0.973923921585083,
    0.9734656810760498,
    0.9740483164787292,
    0.9739813804626465
  ],
  "nrmse": [
    0.049707518454163005,
    0.04839861809032694,
    0.048487633171827464,
    0.048818728207779605,
    0.04785746574513703,
    0.04800913990302399,
    0.04770891623869894,
    0.04772425849501005,
    0.048222143381805846,
    0.04751145153085605,
    0.04712426599146639,
    0.04836879329740496,
    0.04923773816392005,
    0.04763799791655466,
    0.047216535831862916,
    0.049812186356024885,
    0.05212500940070171,
    0.047026860063406346,
    0.04750279184117636,
    0.04720042721296001,
    0.047156705882421227,
    0.047199967666887915,
    0.0496560444267544,
    0.04761832865153491,
    0.04679259941125353,
    0.04776531477492427,
    0.04722447965647779,
    0.047407536308975914,
    0.04834925122159092,
    0.04985998025699412,
    0.04909941419135996,
    0.047187209633269965,
    0.05233260730382411,
    0.048770517377903735,
    0.04710810699233261,
    0.04694891622353263,
    0.0470888328509891,
    0.04750075653408394,
    0.046976338298792115,
    0.047036896533351
  ]
}