{
  "train_loss": [
    0.04908096294840659,
    0.03766902103092968,
    0.03593942531323723,
    0.03517556704664274,
    0.03479463435766909,
    0.03451383625468764,
    0.03390122884737249,
    0.03349103859187855,
    0.033233793817389355,
    0.03308198449898789,
    0.032886505757769934,
    0.032837008640778154,
    0.03269302697831281,
    0.03269123274775152,
    0.03255470189200556,
    0.032512415218736726,
    0.032421520201640595,
    0.03240646794303474,
    0.03236186385076949,
    0.03226708879140392,
    0.032286735867305204,
    0.032235102117435625,
    0.03215473625072545,
    0.03202662679640176,
    0.03156530394287021,
    0.03150733050311712,
    0.031491066928379226,
    0.031488961789121084,
    0.03155763870064052,
    0.03136080485081991,
    0.03145203714080682,
    0.03132845163028,
    0.03136198425793681,
    0.03132290168042761,
    0.03134751331533593,
    0.03138935935330127,
    0.031347066960036515,
    0.03130498616386622,
    0.03135485726241314,
    0.031247054568597922,
    0.031197997902342713,
    0.030901780926070294,
    0.03090639055391207,
    0.03080677067637816,
    0.03090000576075656,
    0.03086538358672365,
    0.030915938481260136,
    0.03084730953199151,
    0.03062142208639026,
    0.030577390177194696,
    0.030598987206872708,
    0.030536057727147018,
    0.030579634607546837,
    0.030423213627020797,
    0.030588050765547922,
    0.03056557815616297,
    0.030374755983245065,
    0.030374675130593075,
    0.030438558467123816,
    0.030404104673148937,
    0.030444098459864493,
    0.030408251572990583,
    0.030334820804121223,
    0.030298309415565335,
    0.030287585324560284,
    0.030284957547480337,
    0.03034392051665213,
    0.030277189593987872,
    0.03025202602836285,
    0.030283254160614604,
    0.030282290259190412,
    0.030251225688373188,
    0.030191568514424727,
    0.030245882672153054,
    0.030225156633987362,
    0.030308516704948125,
    0.030272444141596997,
    0.030266981993323255,
    0.03019011687301498,
    0.030302450206793372,
    0.030247849551282138,
    0.03020103662045543,
    0.030225325546933426,
    0.03031029026737127,
    0.030157375491959754,
    0.030217649610942983,
    0.030222600007735956,
    0.030206610595621578,
    0.03022396873613255,
    0.0302097398606747
  ],
  "val_loss": [
    0.02851688019256102,
    0.027892482731066794,
    0.027085487799662095,
    0.02813567435434125,
    0.027173394133027735,
    0.027451687339826145,
    0.026375776180041832,
    0.026527448174585865,
    0.02680289602735576,
    0.02582741983348576,
    0.0261006104588043,
    0.026106546078087906,
    0.02548466996743498,
    0.025473212099219995,
    0.025624535332821705,
    0.027345628877770548,
    0.026119656994947896,
    0.025199487443346467,
    0.02558824085844719,
    0.026581698789553437,
    0.02563356902970456,
    0.025894011982320702,
    0.025733138267481658,
    0.026260191922944074,
    0.025170881164013916,
    0.025337427783770808,
    0.02552348959990042,
    0.025211359919511137,
    0.025167382910464425,
    0.02543394599251819,
    0.02550954620625585,
    0.02538696749318739,
    0.025443618012601886,
    0.025100267561247256,
    0.025043564550231403,
    0.02534470368997388,
    0.025399003961962666,
    0.02513455756309088,
    0.02552222329486515,
    0.02546185207514251,
    0.025239957463122225,
    0.024720081721382497,
    0.025512568738436485,
    0.024976312335237897,
    0.02579441936115193,
    0.02537544837448413,
    0.025377768206711244,
    0.025131116480635447,
    0.02474882573755695,
    0.02471056058948781,
    0.024904932455806963,
    0.02529150666775395,
    0.02510848546293606,
    0.024918868028911443,
    0.02493751395961695,
    0.024880253127072934,
    0.024898173873805676,
    0.024865804492829054,
    0.024881003471299203,
    0.024918355244824875,
    0.02484009316877192,
    0.02479896112055882,
    0.024780975877795187,
    0.02469675902168597,
    0.024832234905263605,
    0.0247840012417929,
    0.024842782746116624,
    0.024746955852986054,
    0.024861778451378623,
    0.02483191713602153,
    0.02486685948080887,
    0.024780683182673548,
    0.024797569560119113,
    0.024725642571873287,
    0.024671318297717418,
    0.0247751649651383,
    0.024808198128097075,
    0.024778353877720614,
    0.024919254471381866,
    0.02489946394334931,
    0.024756489767585765,
    0.024798757276992937,
    0.02474985570988376,
    0.02480686379628617,
    0.024712923715078418,
    0.024725092872001208,
    0.024818691596889386,
    0.02474836893344946,
    0.024822380632311604,
    0.024795643845509238
  ],
  "rmse": [
    0.16886942046412265,
    0.16701042343420708,
    0.16457669537976413,
    0.16773691923453282,
    0.16484353937795482,
    0.1656855049819013,
    0.1624062072606312,
    0.16287248885552982,
    0.16371589901614003,
    0.16070911303589774,
    0.16155683617283892,
    0.1615752013819663,
    0.15963918677312494,
    0.15960329828443945,
    0.16007665074955582,
    0.16536513964241548,
    0.16161576922079232,
    0.15874346539422188,
    0.15996324143945495,
    0.1630389494219439,
    0.16010486546063815,
    0.16091615965935527,
    0.16041550935187404,
    0.16204996629031654,
    0.1586533368737154,
    0.1591773471777249,
    0.159760725277334,
    0.1587808562313093,
    0.1586423123053064,
    0.1594802382769753,
    0.1597170797991018,
    0.15933287451835468,
    0.15951055530746427,
    0.1584306364340942,
    0.15825158424887645,
    0.1592002048024311,
    0.15937064716528335,
    0.15853882129658173,
    0.1597567553494786,
    0.1595676993876312,
    0.15887087723644855,
    0.15722620709302076,
    0.15972653752581223,
    0.1580389548545583,
    0.16060640874098403,
    0.1592967299329276,
    0.15930401446033934,
    0.15852795913411788,
    0.15731759131387812,
    0.15719592346767325,
    0.1578129678662607,
    0.15903304079238997,
    0.1584565699215736,
    0.15785711030903496,
    0.1579161619838444,
    0.15773475450429472,
    0.15779154421218433,
    0.1576889477424069,
    0.1577371280386457,
    0.1578554878605834,
    0.15760739921230713,
    0.15747685974860634,
    0.15741974945147896,
    0.15715202792070193,
    0.1575824666217119,
    0.15742935110850076,
    0.15761593176472688,
    0.157311647506059,
    0.15767618420021473,
    0.15758145599740608,
    0.15769229054478853,
    0.15741881469326605,
    0.15747244190764223,
    0.15724389353890045,
    0.15707106038190402,
    0.15740128399049247,
    0.1575061787706505,
    0.15741141334207995,
    0.15785833155923293,
    0.1577956403092281,
    0.15734195621077876,
    0.15747620920417096,
    0.15732087096826364,
    0.1575019391447614,
    0.15720344752642706,
    0.15724214038326012,
    0.1575394886804667,
    0.15731614090340135,
    0.1575511933661512,
    0.15746632059785454
  ],