{
  "train_loss": [
    0.07476330553338864,
    0.05278900914579488,
    0.04874183016521962,
    0.04642219259345069,
    0.04463898708659689,
    0.043974254585056015,
    0.04333888785760963,
    0.042677272843010476,
    0.04247987646365367,
    0.042276079587655606,
    0.04200313851151049,
    0.041713234487287545,
    0.04149621628860203,
    0.04133881870968248,
    0.04039206279469481,
    0.0402958944685844,
    0.04008736602973567,
    0.04002232573678774,
    0.03997065544247759,
    0.03993199599857753,
    0.03944117931678774,
    0.03923943747219654,
    0.039242838369501834
  ],
  "val_loss": [
    0.05078266397045073,
    0.03787481749882334,
    0.030400829073104516,
    0.031708359275276064,
    0.03191523685114677,
    0.0390625156002754,
    0.03404450209209016,
    0.0291888095106959,
    0.03216713510148574,
    0.03188202694092274,
    0.038335828332238926,
    0.03308011002971192,
    0.03740844081594613,
    0.04043498543770419,
    0.03655697330098928,
    0.03360931538065692,
    0.03140321145297482,
    0.04393880317456177,
    0.0481382458178174,
    0.03158675187134928,
    0.032483132456272316,
    0.032002006715883186,
    0.03345761552339347
  ],
  "rmse": [
    0.22535009565188432,
    0.19461453657989058,
    0.174358330822035,
    0.1780684130280347,
    0.1786483592548984,
    0.19764239145780743,
    0.18451151844900934,
    0.17084732926322574,
    0.17935198059644794,
    0.17855538440902993,
    0.19579536830050534,
    0.18187937888546957,
    0.19341260967131957,
    0.2010845161309797,
    0.19119877177453984,
    0.1833284368366869,
    0.1772095088140161,
    0.20961583186216634,
    0.21940429790733004,
    0.17772661967701903,
    0.1802307706620478,
    0.17889104428701572,
    0.18291422711601502
  ],
  "mae": [
    0.12572382390499115,
    0.10353149473667145,
    0.08073706924915314,
    0.08704771101474762,
    0.0845445841550827,
    0.10055450350046158,
    0.0873120129108429,
    0.07460680603981018,
    0.08211878687143326,
    0.08469569683074951,
    0.09886755049228668,
    0.08460180461406708,
    0.09444396197795868,
    0.10108015686273575,
    0.09691587090492249,
    0.0874006524682045,
    0.08818460255861282,
    0.11677470803260803,
    0.13169050216674805,
    0.08112885057926178,
    0.08352138102054596,
    0.08199360221624374,
    0.08687884360551834
  ],
  "mape": [
    58.83454513549805,
    62.28834915161133,
    62.84330368041992,
    64.13982391357422,
    62.82044219970703,
    59.01605987548828,
    57.47074890136719,
    65.58076477050781,
    57.3279914855957,
    62.72800064086914,
    59.513729095458984,
    58.10567855834961,
    55.243431091308594,
    57.108551025390625,
    59.68196487426758,
    57.52273941040039,
    61.18914031982422,
    60.603981018066406,
    61.74930191040039,
    58.33067321777344,
    58.97993469238281,
    60.05256271362305,
    61.09673309326172
  ],
  "r2": [
    0.9482938051223755,
    0.96143639087677,
    0.9690462946891785,
    0.9677149653434753,
    0.9675043225288391,
    0.9602270722389221,
    0.9653363823890686,
    0.9702803492546082,
    0.9672478437423706,
    0.9675381779670715,
    0.9609670042991638,
    0.9663183093070984,
    0.9619112610816956,
    0.9588296413421631,
    0.9627782106399536,
    0.9657794833183289,
    0.9680256843566895,
    0.9552621245384216,
    0.9509863257408142,
    0.9678388237953186,
    0.966926097869873,
    0.967415988445282,
    0.9659339189529419
  ],
  "nrmse": [
    0.06630831295554847,
    0.05726450463625759,
    0.05130420172713992,
    0.052395877731512545,
    0.05256652445698664,
    0.05815543813352595,
    0.054291734262763174,
    0.050271104361569764,
    0.052773562062108155,
    0.05253916700165029,
    0.05761195937796454,
    0.053517238323824275,
    0.056910842724676516,
    0.05916826876668132,
    0.05625943028276972,
    0.05394361749993288,
    0.052143148797640856,
    0.06167857235359435,
    0.0645587871056667,
    0.052295306482941686,
    0.05303214232373821,
    0.05263793350171197,
    0.05382173804073811
  ]
}