{
  "train_loss": [
    0.05910934467254499,
    0.03502711790066319,
    0.029929305668450968,
    0.027632235456362474,
    0.025940949594233563,
    0.024758336345824458,
    0.023936692942071455,
    0.02307546900126964,
    0.022398025272055935,
    0.022013492851787008,
    0.021810984791553904,
    0.02148196893348654,
    0.02126346250496218,
    0.021088454084423277,
    0.020990550923499603,
    0.0208509643430772,
    0.020822332089591396,
    0.020610260422494593,
    0.02055793082365202,
    0.019662774439284884,
    0.01961391931484383,
    0.019570765900847137,
    0.019482696718904468,
    0.019455297528713913,
    0.019308108136153215,
    0.019364370448230684,
    0.01927028756618333,
    0.019225934624107766,
    0.018702662678011687,
    0.018653381987568877,
    0.01864696657574804,
    0.018591392135319837,
    0.01856446487492758,
    0.01854248746970751,
    0.01823778537397963,
    0.018305574094022146,
    0.018300437261511246
  ],
  "val_loss": [
    0.03434704096760421,
    0.02945758107704376,
    0.027058140749395457,
    0.01622770022970767,
    0.018044266460816694,
    0.024936821176718377,
    0.014129927824572983,
    0.013906833209302855,
    0.017989329742390668,
    0.019517381836061595,
    0.019012381384402054,
    0.014160875462927023,
    0.012696076112240082,
    0.018664954675287913,
    0.014822702868838645,
    0.013816991594686391,
    0.014719015678419342,
    0.013004785543598834,
    0.015265943573378793,
    0.013608016584349413,
    0.013881451123141764,
    0.011982360134228598,
    0.015445772133783647,
    0.012000564659575923,
    0.017713143648723173,
    0.013110062331762283,
    0.01312913618759522,
    0.012958943276174133,
    0.013508516078107788,
    0.013986213468941347,
    0.013341389208682723,
    0.013901700104538344,
    0.013007836927213388,
    0.01294550111089641,
    0.014496284992293815,
    0.012352436599907882,
    0.014462013716074796
  ],
  "rmse": [
    0.18532954086188688,
    0.17163210199592674,
    0.16449358480924878,
    0.1273879892934454,
    0.13432895015504379,
    0.15791396807031435,
    0.11886937108386303,
    0.1179272311770768,
    0.1341243010460061,
    0.13970461962375771,
    0.13788538860720279,
    0.11899947184632807,
    0.11267686623487176,
    0.13661974319324907,
    0.12174852300899486,
    0.11754569702719389,
    0.12132195151196705,
    0.11403852596210316,
    0.123555422993876,
    0.11665340545833346,
    0.11781956764037849,
    0.10946396632418513,
    0.12428101877249045,
    0.10954708373327778,
    0.1330907375499041,
    0.11449917950554847,
    0.11458244016328127,
    0.11383735288787673,
    0.11622613919629696,
    0.11826331722650305,
    0.11550492918113787,
    0.1179054717377679,
    0.11405190229173609,
    0.11377829407438388,
    0.12040051717919381,
    0.11114151690943203,
    0.12025810907208741
  ],
  "mae": [
    0.10178611427545547,
    0.1008385643362999,
    0.09411051869392395,
    0.057106439024209976,
    0.06330158561468124,
    0.08502070605754852,
    0.05104296654462814,
    0.05021815374493599,
    0.06658817827701569,
    0.07269088178873062,
    0.07083568722009659,
    0.054603803902864456,
    0.04705796018242836,
    0.06935559958219528,
    0.0666830837726593,
    0.05478910356760025,
    0.06133521348237991,
    0.05278722941875458,
    0.06394730508327484,
    0.0555216521024704,
    0.0570121593773365,
    0.05232398957014084,
    0.06390346586704254,
    0.04887312278151512,
    0.06838587671518326,
    0.05711149051785469,
    0.0537930466234684,
    0.05505941063165665,
    0.05748463422060013,
    0.060589682310819626,
    0.057319868355989456,
    0.0595410130918026,
    0.05538026615977287,
    0.05482480674982071,
    0.06093611940741539,
    0.053521521389484406,
    0.0608677938580513
  ],
  "mape": [
    50.519134521484375,
    57.89619827270508,
    41.67421340942383,
    41.95332336425781,
    37.12936782836914,
    38.02819061279297,
    37.50170135498047,
    37.764198303222656,
    37.98753356933594,
    36.03761672973633,
    36.54841232299805,
    34.09062194824219,
    35.539859771728516,
    32.520015716552734,
    36.28068542480469,
    36.540489196777344,
    34.363643646240234,
    30.569660186767578,
    33.33205032348633,
    35.018165588378906,
    30.5723934173584,
    30.783430099487305,
    31.128498077392578,
    30.939956665039062,
    29.89139175415039,
    33.916664123535156,
    29.78093910217285,
    30.133346557617188,
    28.904767990112305,
    30.624902725219727,
    29.539670944213867,
    29.09540557861328,
    28.65108299255371,
    28.458166122436523,
    27.827754974365234,
    29.34791374206543,
    29.232635498046875
  ],
  "r2": [
    0.9650282859802246,
    0.9700067043304443,
    0.972449779510498,
    0.9834771752357483,
    0.9816275835037231,
    0.9746096730232239,
    0.9856131076812744,
    0.9858402609825134,
    0.9816834926605225,
    0.9801276922225952,
    0.9806418418884277,
    0.9855815768241882,
    0.9870730042457581,
    0.9809955954551697,
    0.9849077463150024,
    0.9859317541122437,
    0.9850133061408997,
    0.9867587089538574,
    0.9844564199447632,
    0.986144483089447,
    0.9858660697937012,
    0.9877997040748596,
    0.9842733144760132,
    0.9877811670303345,
    0.9819647073745728,
    0.9866515398025513,
    0.9866321086883545,
    0.9868053793907166,
    0.9862458109855652,
    0.985759437084198,
    0.9864159822463989,
    0.9858455061912537,
    0.9867556095123291,
    0.9868190884590149,
    0.98524010181427,
    0.9874229431152344,
    0.9852749705314636
  ],
  "nrmse": [
    0.054532433899481,
    0.05050202042046199,
    0.048401541917075804,
    0.0374833773041587,
    0.03952572569407931,
    0.04646551750763074,
    0.034976809909297704,
    0.03469958922471634,
    0.0394655085589195,
    0.04110749370906923,
    0.04057219267342862,
    0.03501509150863909,
    0.03315469153691426,
    0.040199781861015034,
    0.035823988191365654,
    0.03458732441408698,
    0.0356984713317388,
    0.03355535415509972,
    0.03635566087306692,
    0.034324771392201456,
    0.034667909684201206,
    0.032209309321049734,
    0.03656916436339566,
    0.0322337662672881,
    0.03916138686968432,
    0.033690899512799674,
    0.03371539860934481,
    0.03349615982848784,
    0.03419905010090798,
    0.0347984811239227,
    0.03398683710293473,
    0.03469318660168989,
    0.03355929008354444,
    0.033478782022294595,
    0.03542734317477587,
    0.032702921488746116,
    0.035385440191304296
  ]
}