{
  "rmse": 10.916876100690489,
  "mae": 4.1845324516296385,
  "mape": 4883865.8,
  "r2": 0.9698608040809631,
  "nrmse": 0.04787772880144144
}