{
  "rmse": 11.036837883484045,
  "mae": 4.512627601623535,
  "mape": 4746035.5,
  "r2": 0.9691953063011169,
  "nrmse": 0.048403840635097235
}