{
  "train_loss": [
    0.04661351226386143,
    0.035770481210796186,
    0.03514207100067561,
    0.03480022779031748,
    0.034574020156415745,
    0.034143724599206345,
    0.03373839018848545,
    0.03355960229950764,
    0.033185365354781185,
    0.03304572156591663,
    0.032899008845590924,
    0.03278246906524807,
    0.03275326107908656,
    0.03272841194945291,
    0.03262813703065069,
    0.03261468404942746,
    0.032556652941693354,
    0.03242494279353271,
    0.032332515011309654,
    0.03227459260793773,
    0.03217978083293358,
    0.03226040101545793,
    0.03217679281409291,
    0.03212463730801034,
    0.032129171557280005,
    0.031605117983844265,
    0.031567887493221154,
    0.03163668181918876,
    0.03157269198476582,
    0.03148759137629153,
    0.03153572679669464,
    0.03139019082716894,
    0.031150559895794707,
    0.031100043403577898,
    0.03110213476239534,
    0.03107162495548501,
    0.031014977341421397,
    0.03099659474067283,
    0.031020559546231997,
    0.030966909671996612,
    0.030746305120749697,
    0.030668984526085224,
    0.03072250472566088,
    0.0306638186764557,
    0.030705111161030158,
    0.030682179133400014,
    0.030627322984681127,
    0.030543298740995553,
    0.03054603711597721
  ],
  "val_loss": [
    0.027320869966847197,
    0.028399752617401176,
    0.026439230016943805,
    0.027082599037480396,
    0.025981575364331058,
    0.02541032688238941,
    0.025667894192401522,
    0.026035791542217246,
    0.025691165335474206,
    0.02569230779247372,
    0.025557846141476746,
    0.025221238304966358,
    0.025328429175843263,
    0.025172604049371584,
    0.025513822564272724,
    0.025253667217745385,
    0.02536415469995407,
    0.025087846125199445,
    0.025035950379790412,
    0.02507543563054658,
    0.0251231106494333,
    0.025826523174167622,
    0.02623267546921249,
    0.025140987516344523,
    0.025048782669619477,
    0.02465514687772618,
    0.024673408855449514,
    0.024768533897144573,
    0.024815699352269977,
    0.02478035007891181,
    0.024773386696623996,
    0.02499087489454006,
    0.024697125182674497,
    0.024648701970020295,
    0.02474089312562089,
    0.024730792439406533,
    0.024739000283870126,
    0.025049996929131298,
    0.024788344632149493,
    0.025320665137496097,
    0.02484595593024988,
    0.024754496621646988,
    0.024787425686144046,
    0.024862208231922926,
    0.024841420787776056,
    0.024880382062625918,
    0.025023191615787952,
    0.024851326295973412,
    0.024865591687763006
  ],
  "rmse": [
    0.1652902576287751,
    0.16852225547483157,
    0.16260144226431944,
    0.16456791819640068,
    0.16118800634036162,
    0.1594061673767468,
    0.16021202442070032,
    0.16135610079257703,
    0.1602846363737759,
    0.16028820393776702,
    0.15986820812241628,
    0.1588119577134357,
    0.15914907921763805,
    0.15865876082108582,
    0.15973046155999843,
    0.15891402255566434,
    0.15926127887777455,
    0.1583914283678631,
    0.15822752422985448,
    0.1583522458817133,
    0.15850270716419057,
    0.16070631978184002,
    0.1619650416537567,
    0.15855909847487346,
    0.15826806748786137,
    0.15701957369802694,
    0.15707771885279695,
    0.15738021261416332,
    0.15752999424107533,
    0.15741775568833116,
    0.15739563328039996,
    0.15808502545764083,
    0.15715318946186976,
    0.15699905022672517,
    0.15729237594718254,
    0.15726026920080824,
    0.15728636605339746,
    0.1582719041111831,
    0.1574431461796023,
    0.15912467497390131,
    0.15762600005518548,
    0.15733561672831678,
    0.15744022991241166,
    0.15767754270131296,
    0.15761161236552004,
    0.1577351619045209,
    0.15818720607963876,
    0.15764303314565653,
    0.15768826854244858
  ],
  "mae": [
    0.06355907768011093,
    0.06878992170095444,
    0.059615880250930786,
    0.06761091202497482,
    0.05804859474301338,
    0.05707306042313576,
    0.05781548470258713,
    0.06318105012178421,
    0.057518135756254196,
    0.062063127756118774,
    0.057391148060560226,
    0.05722156912088394,
    0.0579521581530571,
    0.05787665769457817,
    0.0564202219247818,
    0.05450354889035225,
    0.05760427564382553,
    0.05597536265850067,
    0.057266395539045334,
    0.05623971298336983,
    0.05736033245921135,
    0.06820043176412582,
    0.061545390635728836,
    0.05717639625072479,
    0.0604008324444294,
    0.05391823872923851,
    0.05642283707857132,
    0.053847238421440125,
    0.05620715022087097,
    0.060989364981651306,
    0.05415620282292366,
    0.05811615660786629,
    0.05544530227780342,
    0.056090690195560455,
    0.05729155242443085,
    0.05599535256624222,
    0.05528084188699722,
    0.05808170884847641,
    0.05697792023420334,
    0.06247862055897713,
    0.056702472269535065,
    0.05370718240737915,
    0.05593306943774223,
    0.05580146238207817,
    0.0566541887819767,
    0.056197986006736755,
    0.05831655114889145,
    0.056736722588539124,
    0.057667076587677
  ],
  "mape": [
    56.7675895690918,
    52.64543914794922,
    60.53583526611328,
    56.557167053222656,
    53.53959274291992,
    58.82844161987305,
    54.6895637512207,
    55.31552505493164,
    54.94942092895508,
    57.51312255859375,
    55.81604766845703,
    50.12263488769531,
    50.7357177734375,
    55.120723724365234,
    51.40354537963867,
    55.391990661621094,
    60.31618118286133,
    54.19439697265625,
    57.05181884765625,
    53.41734313964844,
    52.1387825012207,
    50.24153137207031,
    49.099220275878906,
    51.14700698852539,
    53.23834228515625,
    50.45991516113281,
    52.525020599365234,
    51.81287384033203,
    51.17516326904297,
    50.14259338378906,
    52.31306076049805,
    51.62270736694336,
    51.15448760986328,
    50.45363235473633,
    50.87260055541992,
    49.29777908325195,
    47.42854690551758,
    46.79928970336914,
    48.36517333984375,
    48.13239288330078,
    49.9615592956543,
    48.960906982421875,
    49.7113037109375,
    49.343746185302734,
    49.26361083984375,
    49.26340103149414,
    48.273677825927734,
    49.412269592285156,
    48.83409881591797
  ],
  "r2": [
    0.9721822738647461,
    0.9710837602615356,
    0.9730799198150635,
    0.9724248647689819,
    0.9735459089279175,
    0.9741275310516357,
    0.9738653302192688,
    0.9734907150268555,
    0.9738416075706482,
    0.9738404750823975,
    0.9739773273468018,
    0.9743200540542603,
    0.9742109179496765,
    0.9743695855140686,
    0.9740221500396729,
    0.9742870926856995,
    0.9741745591163635,
    0.9744558930397034,
    0.9745087623596191,
    0.9744685292243958,
    0.9744200110435486,
    0.9737038016319275,
    0.9732902646064758,
    0.9744017720222473,
    0.9744956493377686,
    0.9748964905738831,
    0.9748778939247131,
    0.9747810363769531,
    0.9747329950332642,
    0.9747689962387085,
    0.9747760891914368,
    0.9745546579360962,
    0.9748537540435791,
    0.9749030470848083,
    0.9748091697692871,
    0.9748194217681885,
    0.9748110771179199,
    0.974494457244873,
    0.9747608304023743,
    0.9742188453674316,
    0.9747021794319153,
    0.9747953414916992,
    0.9747617840766907,
    0.9746856689453125,
    0.9747068285942078,
    0.9746671319007874,
    0.9745217561721802,
    0.974696695804596,
    0.9746822118759155
  ],