{
  "train_loss": 0.031340499603466444,
  "val_loss": 0.026039074479562586,
  "rmse": 0.1613662646933741,
  "mae": 0.06823410838842392,
  "mape": 50.230098724365234,
  "r2": 0.973487377166748,
  "nrmse": 0.04748134119403757
}