{
  "train_loss": [
    0.04758516316906664,
    0.036102335023545255,
    0.03522023033574101,
    0.034931622224626604,
    0.034569521614660786,
    0.034160500037222284,
    0.033815807960772215,
    0.03356763129192822,
    0.0334632920648641,
    0.033095077509275775,
    0.03286846005739111,
    0.03281480765374358,
    0.03282090862194938,
    0.03266539379249483,
    0.032502839931130866,
    0.03237395563456005,
    0.03197401562608047,
    0.03189784029379206,
    0.03186479960250038,
    0.03181655210399322,
    0.03178569266224494,
    0.03180428614474125,
    0.03169585805479048,
    0.03166393179397639,
    0.03166501600323902,
    0.03168093044462302,
    0.0316489028588364,
    0.03161507784732849,
    0.031306908561407686,
    0.031325427846792,
    0.031227563372132505,
    0.03127525204106478,
    0.031194690047069717,
    0.031114532567426346,
    0.031089828562388466,
    0.03113742573309803,
    0.031048003115575127,
    0.03110873048337039,
    0.031106798816626664,
    0.03099622856565306,
    0.030825135836951355,
    0.030847389011672218,
    0.030799178558640082,
    0.030761528940465264,
    0.03075762113802971,
    0.03070576046038073,
    0.030626904117463497,
    0.03062864270780198,
    0.030502781220697005
  ],
  "val_loss": [
    0.02780167858478506,
    0.026947724765633483,
    0.026547519635586023,
    0.026505227071271644,
    0.026221408284612308,
    0.025751554433078735,
    0.026208053552414012,
    0.026131261537989735,
    0.025525959012779684,
    0.025474716796264625,
    0.025607629118899567,
    0.025772598133394786,
    0.0256385430793773,
    0.025761763321480335,
    0.025710077425075535,
    0.026115981591250025,
    0.025205928597583437,
    0.025389276737773726,
    0.025141363014027376,
    0.025148140272949846,
    0.025110111814374544,
    0.024804094928518015,
    0.024954402110963086,
    0.02500869371727474,
    0.024903154343248544,
    0.02500207756636773,
    0.025170830812635173,
    0.025007101660135873,
    0.024869837959887557,
    0.02475056307938527,
    0.024763490477694147,
    0.02484891481032418,
    0.0250505501675943,
    0.024659971729553948,
    0.024904998512865695,
    0.02500027532018087,
    0.025087938974469898,
    0.024826773539997144,
    0.02502663949496812,
    0.024764667402926585,
    0.024751770037195666,
    0.024761908067575823,
    0.024755602767074922,
    0.024856497563272822,
    0.024939450153291905,
    0.024824414226972437,
    0.024833317229802625,
    0.024906594462104824,
    0.02488117871979306
  ],
  "rmse": [
    0.1667383506714881,
    0.16415761279621213,
    0.16293408982615531,
    0.1628042518078665,
    0.16193025528725458,
    0.160472905737563,
    0.1618890068813516,
    0.16165167182170823,
    0.15976844915677976,
    0.15960800724871912,
    0.16002383806114906,
    0.16053846156218388,
    0.16012039597352204,
    0.1605047121860281,
    0.16034361881183082,
    0.16160439926545617,
    0.1587637516320793,
    0.15934012816899565,
    0.15856027907656953,
    0.15858165760636636,
    0.1584617008634131,
    0.15749315205325076,
    0.15796962625541613,
    0.15814137136575138,
    0.15780733189760202,
    0.15812044573433656,
    0.15865317837895843,
    0.1581363301496299,
    0.15770173387396735,
    0.15732310867154725,
    0.15736419269344687,
    0.15763538236669555,
    0.15827365762891185,
    0.15703493488789882,
    0.1578131744162624,
    0.15811475593381888,
    0.15839172236158483,
    0.15756513735914238,
    0.15819809752588107,
    0.1573679329907926,
    0.15732695057993504,
    0.15735916209005255,
    0.15733913277534753,
    0.15765942642180225,
    0.15792228944648007,
    0.1575576601276232,
    0.15758590624183305,
    0.15781823185624197,
    0.1577376830390384
  ],
  "mae": [
    0.06319797039031982,
    0.06162827089428902,
    0.061975497752428055,
    0.06147585064172745,
    0.060832735151052475,
    0.05714600533246994,
    0.07065942138433456,
    0.06350858509540558,
    0.05853495001792908,
    0.05633879080414772,
    0.0557260736823082,
    0.06071444973349571,
    0.0632239282131195,
    0.06508244574069977,
    0.06112679839134216,
    0.06568652391433716,
    0.0621410496532917,
    0.05893451347947121,
    0.057316817343235016,
    0.0610891729593277,
    0.05895638093352318,
    0.05542178079485893,
    0.05434402823448181,
    0.055120281875133514,
    0.0542142428457737,
    0.060450389981269836,
    0.05856790766119957,
    0.056817427277565,
    0.05605806037783623,
    0.05852152407169342,
    0.05770957097411156,
    0.054589204490184784,
    0.05763402208685875,
    0.054122280329465866,
    0.05827094987034798,
    0.057022448629140854,
    0.057910192757844925,
    0.05487997457385063,
    0.05910009518265724,
    0.05488139018416405,
    0.055343810468912125,
    0.054524559527635574,
    0.05366148427128792,
    0.05660446733236313,
    0.0562572106719017,
    0.05550128221511841,
    0.055592212826013565,
    0.05618809163570404,
    0.05659647285938263
  ],
  "mape": [
    55.912410736083984,
    59.122955322265625,
    58.24324417114258,
    60.24495315551758,
    59.74895477294922,
    60.5236930847168,
    55.019874572753906,
    57.85560607910156,
    54.83121109008789,
    55.56488800048828,
    57.079124450683594,
    54.84410095214844,
    51.39340591430664,
    51.83953094482422,
    56.20269012451172,
    52.03216552734375,
    50.95425796508789,
    58.2933235168457,
    50.73277282714844,
    57.98881530761719,
    54.12258529663086,
    53.303672790527344,
    55.264015197753906,
    53.824703216552734,
    52.41688537597656,
    54.71976852416992,
    50.82363510131836,
    52.130252838134766,
    49.12885665893555,
    52.00971984863281,
    51.02812576293945,
    53.55316925048828,
    53.420684814453125,
    51.48961639404297,
    49.979225158691406,
    48.734901428222656,
    52.061485290527344,
    49.5015869140625,
    50.98609161376953,
    49.51573944091797,
    52.2052116394043,
    50.82544708251953,
    50.73975372314453,
    51.48064041137695,
    51.33957290649414,
    51.493446350097656,
    50.745155334472656,
    49.40733337402344,
    49.31084060668945
  ],
  "r2": [
    0.9716927409172058,
    0.9725621938705444,
    0.972969651222229,
    0.9730127453804016,
    0.9733017086982727,
    0.97378009557724,
    0.9733152985572815,
    0.9733934998512268,
    0.9740098118782043,
    0.9740619659423828,
    0.9739266633987427,
    0.9737586975097656,
    0.9738951921463013,
    0.9737697243690491,
    0.9738223552703857,
    0.9734090566635132,
    0.9743356704711914,
    0.9741489887237549,
    0.9744014143943787,
    0.9743945002555847,
    0.9744332432746887,
    0.9747447967529297,
    0.9745917916297913,
    0.9745364785194397,
    0.9746439456939697,
    0.9745432138442993,
    0.9743714332580566,
    0.9745380878448486,
    0.9746778607368469,
    0.9747993350028992,
    0.9747861623764038,
    0.9746991991996765,
    0.9744938611984253,
    0.9748915433883667,
    0.9746420979499817,
    0.9745450615882874,
    0.9744558334350586,
    0.9747217297554016,
    0.9745182394981384,
    0.9747849702835083,
    0.9747980833053589,
    0.9747877717018127,
    0.9747942090034485,
    0.9746914505958557,
    0.974606990814209,
    0.9747241139411926,
    0.9747150540351868,
    0.974640429019928,
    0.9746663570404053
  ],