{
  "train_loss": [
    0.03711613224082284,
    0.03698627423454268,
    0.036917700090819135,
    0.03686980779433259,
    0.036778901830355634,
    0.03683714878613851,
    0.036671955861345334,
    0.0366248124206487,
    0.03624059177474865,
    0.03619067118960519,
    0.036137638315918534,
    0.03598128157032698,
    0.035998785973489836,
    0.03594377631507965,
    0.03565872363338384,
    0.03568088764381627,
    0.03556226840194853
  ],
  "val_loss": [
    0.028425414245952352,
    0.027977076450175296,
    0.0301737779575155,
    0.029556233621542645,
    0.02892207543527122,
    0.028309037962645778,
    0.028257465992943112,
    0.029943870804295995,
    0.028486483305778666,
    0.028764277914693583,
    0.0287107482772268,
    0.029270236834083356,
    0.02921627928096751,
    0.029371747508472233,
    0.02941056127864251,
    0.028806897065347895,
    0.029768746370694828
  ],
  "rmse": [
    0.16859838111675482,
    0.1672634854507267,
    0.1737060064341196,
    0.1719192642953931,
    0.17006491526977838,
    0.16825289866421828,
    0.16809956313855978,
    0.17304297264125124,
    0.16877939091919128,
    0.169600346982574,
    0.16944245966600505,
    0.17108546241301656,
    0.17092769917246525,
    0.17138186608207223,
    0.1714950773249288,
    0.16972594090952597,
    0.17253622288922527
  ],
  "mae": [
    0.07505619525909424,
    0.07099748402833939,
    0.07603882253170013,
    0.07625520974397659,
    0.07542960345745087,
    0.07128049433231354,
    0.071000836789608,
    0.07901612669229507,
    0.07147420942783356,
    0.07293339818716049,
    0.0720866248011589,
    0.07518526911735535,
    0.07411350309848785,
    0.07409622520208359,
    0.07501193135976791,
    0.07260195910930634,
    0.07649477571249008
  ],
  "mape": [
    60.40019989013672,
    61.047000885009766,
    52.99823760986328,
    56.18858337402344,
    57.369606018066406,
    59.673194885253906,
    56.331642150878906,
    57.52402114868164,
    55.7542610168457,
    56.74651336669922,
    54.586368560791016,
    56.66425704956055,
    56.68339157104492,
    56.6080207824707,
    54.330379486083984,
    55.548675537109375,
    53.54887390136719
  ],
  "r2": [
    0.971057653427124,
    0.971514105796814,
    0.9692775011062622,
    0.9699062705039978,
    0.9705519676208496,
    0.9711761474609375,
    0.9712286591529846,
    0.9695115685462952,
    0.9709954261779785,
    0.9707126021385193,
    0.9707671403884888,
    0.9701974391937256,
    0.9702523946762085,
    0.9700940847396851,
    0.970054566860199,
    0.9706692099571228,
    0.9696898460388184
  ],
  "nrmse": [
    0.04960936087712343,
    0.049216573470799295,
    0.05111225803376226,
    0.05058651671307269,
    0.05004088235173112,
    0.04950770412602609,
    0.04946258579584232,
    0.05091716314325227,
    0.04966262224625335,
    0.04990418509723003,
    0.049857727421814005,
    0.05034117403416406,
    0.050294752867591684,
    0.0504283895607076,
    0.05046170149030632,
    0.04994114057927479,
    0.05076805417105378
  ]
}