{
  "train_loss": 0.030808466977230928,
  "val_loss": 0.025151564643525942,
  "rmse": 0.1585924456218579,
  "mae": 0.06008908897638321,
  "mape": 53.09572982788086,
  "r2": 0.9743910431861877,
  "nrmse": 0.04666515665884087
}