{
  "train_loss": 0.037332635170684816,
  "val_loss": 0.028902624646732763,
  "rmse": 0.17000771689080316,
  "mae": 0.07211659103631973,
  "mape": 58.574729919433594,
  "r2": 0.970571756362915,
  "nrmse": 0.05002405197052952
}