{
    "rmse": 11.293566967357629,
    "mae": 4.683793067932129,
    "mape": 4744863.5,
    "r2": 0.9677454829216003,
    "nrmse": 0.049529767625545035
}