{
  "train_loss": [
    0.050686130810650834,
    0.038231761731445456,
    0.037165478520337025,
    0.036705882071160836,
    0.03635989882235033,
    0.0361938093486118,
    0.035474906087060616,
    0.03521563734713889,
    0.03502307691841504,
    0.03494731772882393,
    0.03491506392360041,
    0.03450945540999645,
    0.03439625117452124,
    0.034449705631253054,
    0.0342623530558315,
    0.03407802301412448,
    0.03401627956542193,
    0.033222808890647666,
    0.03320414327449796,
    0.03321562157356382,
    0.03307516563631332,
    0.033058664614540545,
    0.033051662252957296,
    0.03312026007344368,
    0.032699484086181556,
    0.032690782744437714,
    0.03261116467003949,
    0.03254520574153451,
    0.03252541296432577,
    0.03258693061752982,
    0.03250144799738045,
    0.032555932451277615,
    0.03249199850714009,
    0.03238022843049443,
    0.032531804742078355,
    0.0324256495932633,
    0.032244931329720054,
    0.03221432045469415,
    0.032147285301184526,
    0.03217317781087395,
    0.032070868648363844,
    0.03206452999418134,
    0.03200184799591813,
    0.03205611519960945,
    0.03207784512310726,
    0.032009657143354936,
    0.032013625331807204,
    0.03207001899029788,
    0.031960769149375394,
    0.03203007959264282,
    0.03185982271635729,
    0.031820534618993264,
    0.03183107067580113,
    0.03189005278485859,
    0.03176341552578758,
    0.03170436073858832,
    0.031682115936073674,
    0.03162933876666961,
    0.031686436510212385
  ],
  "val_loss": [
    0.028892477741877393,
    0.02680417762456699,
    0.02661676582441241,
    0.027055101066625755,
    0.026119167177577857,
    0.02693311887390016,
    0.027070566680230196,
    0.026710531218681752,
    0.026657049665549833,
    0.02729273367820126,
    0.0257887387957187,
    0.0269163697579091,
    0.02664842354831895,
    0.026307189294849168,
    0.027585469544688594,
    0.03137886528156172,
    0.026859871766313125,
    0.025635101529310693,
    0.03383136261104737,
    0.02670266039588044,
    0.025888359576152743,
    0.026034735626196726,
    0.025649728436860475,
    0.02729565172495092,
    0.030360981591140385,
    0.026214991329128218,
    0.02797973674301033,
    0.02612378315346726,
    0.025816094080320918,
    0.025541391695908654,
    0.026882984779594995,
    0.02576446652252833,
    0.02592650533004003,
    0.025641824154275687,
    0.026179988741544247,
    0.02614063556525495,
    0.025804097243857228,
    0.026451875343691693,
    0.029229741283791476,
    0.025668011116623132,
    0.02614946191630891,
    0.02545255819538776,
    0.02628359457764575,
    0.025428739496186473,
    0.029154308515565296,
    0.025803685231429944,
    0.02660225892317455,
    0.026457909680614993,
    0.027036994354675353,
    0.025593943056128932,
    0.025749025395175623,
    0.026102358044767064,
    0.02708660171147634,
    0.02561619842432835,
    0.025949440950023637,
    0.02623971969509376,
    0.025695123738132555,
    0.03088326654187885,
    0.025895330860077243
  ],
  "rmse": [
    0.16997787495522945,
    0.16371981276108774,
    0.16314644747448673,
    0.16448434456359054,
    0.16161425941976562,
    0.164113127753331,
    0.16453135004973382,
    0.1634335724557474,
    0.16326986437439403,
    0.16520512143805519,
    0.16058872726195955,
    0.16406209128192673,
    0.16324344612616745,
    0.16219491310487552,
    0.16608873889070866,
    0.17714080625876238,
    0.16388981109418496,
    0.16010965274188454,
    0.18393302573472936,
    0.16340948321502716,
    0.1608985932551531,
    0.1613528281226724,
    0.16015531958333018,
    0.16521396059944982,
    0.1742440241711856,
    0.1619104463198761,
    0.16727144192911028,
    0.1616285328147043,
    0.16067387507083294,
    0.15981673679882186,
    0.16396031149075205,
    0.16051313133831527,
    0.1610170931427575,
    0.16013064993971513,
    0.16180230552920696,
    0.16168065428646383,
    0.1606365364195563,
    0.1626403225659459,
    0.17096707191996438,
    0.1602123906432442,
    0.16170794985362114,
    0.1595385782536999,
    0.16212215717892378,
    0.15946390953768683,
    0.17074631596314915,
    0.16063524352707645,
    0.1631019892759386,
    0.16265886890050998,
    0.16442929432743517,
    0.15998106772760426,
    0.1604650242381315,
    0.1615622433470379,
    0.16458007370662395,
    0.1600506073575084,
    0.16108830155076773,
    0.1619867872446933,
    0.16029697725088435,
    0.1757363526969109,
    0.16092026303398188
  ],
  "mae": [
    0.07515038549900055,
    0.0660979226231575,
    0.06330212205648422,
    0.07634446769952774,
    0.05939452722668648,
    0.06779160350561142,
    0.07159227132797241,
    0.07036817818880081,
    0.07303847372531891,
    0.06904710084199905,
    0.06372431665658951,
    0.06895699352025986,
    0.06596145033836365,
    0.06448518484830856,
    0.07944468408823013,
    0.08472031354904175,
    0.06695627421140671,
    0.05995501950383186,
    0.11552505940198898,
    0.07018385082483292,
    0.06396698206663132,
    0.0647866502404213,
    0.06529304385185242,
    0.06925955414772034,
    0.09195913374423981,
    0.06538765877485275,
    0.0761946439743042,
    0.06452735513448715,
    0.06446710973978043,
    0.0665297582745552,
    0.06722776591777802,
    0.061308667063713074,
    0.06467404216527939,
    0.062360987067222595,
    0.06756024062633514,
    0.06643443554639816,
    0.06375033408403397,
    0.06735789030790329,
    0.08628430962562561,
    0.0645366683602333,
    0.0653703436255455,
    0.06123373657464981,
    0.06914161890745163,
    0.06192072480916977,
    0.08933362364768982,
    0.06526923179626465,
    0.06804312020540237,
    0.06691299378871918,
    0.07153498381376266,
    0.06372172385454178,
    0.06571242213249207,
    0.06542768329381943,
    0.07127014547586441,
    0.06191954016685486,
    0.06445614993572235,
    0.06668149679899216,
    0.06326021254062653,
    0.10023193061351776,
    0.06519518792629242
  ],
  "mape": [
    54.698455810546875,
    54.695587158203125,
    54.941402435302734,
    57.5156135559082,
    51.32663345336914,
    52.08626937866211,
    51.7679443359375,
    49.32469940185547,
    54.156349182128906,
    48.652374267578125,
    51.69083023071289,
    49.87811279296875,
    52.25361633300781,
    50.52909851074219,
    51.173824310302734,
    46.110538482666016,
    51.74599838256836,
    52.6101188659668,
    50.87694549560547,
    51.40021896362305,
    52.870147705078125,
    51.5125732421875,
    49.513851165771484,
    52.608375549316406,
    49.32284164428711,
    52.20252227783203,
    48.86800765991211,
    48.69196319580078,
    50.20008087158203,
    49.510990142822266,
    47.32012939453125,
    49.99021530151367,
    53.16135787963867,
    51.54703903198242,
    53.041446685791016,
    50.678443908691406,
    51.452266693115234,
    46.828125,
    48.37976837158203,
    51.3865966796875,
    49.981475830078125,
    49.85250473022461,
    50.096656799316406,
    50.61117935180664,
    49.610443115234375,
    52.14460372924805,
    49.091312408447266,
    47.9163703918457,
    49.9841194152832,
    48.66619110107422,
    49.33000183105469,
    49.27579879760742,
    48.99103546142578,
    50.31695556640625,
    48.346893310546875,
    47.497562408447266,
    49.533199310302734,
    48.99905776977539,
    48.51396942138672
  ],