{
  "train_loss": 0.030799738323389347,
  "val_loss": 0.024492535670395894,
  "rmse": 0.15650091290512366,
  "mae": 0.05650678649544716,
  "mape": 50.326473236083984,
  "r2": 0.9750620126724243,
  "nrmse": 0.04604973199910511
}