{
  "train_loss": 0.030658660364684384,
  "val_loss": 0.024846807085832662,
  "rmse": 0.15762870018569122,
  "mae": 0.05961717292666435,
  "mape": 50.601375579833984,
  "r2": 0.9747013449668884,
  "nrmse": 0.046381578638578835
}