{
  "train_loss": [
    0.048314303123893454,
    0.03638185886890742,
    0.03516251785901898,
    0.03473857241211054,
    0.03450328801767185,
    0.034294160448463125,
    0.03384249646569478,
    0.033739496124108544,
    0.03369948341113015,
    0.0335325272226622,
    0.03340291408792914,
    0.033319061341366356,
    0.033211896538473694,
    0.0331992743996119,
    0.03321059066790373,
    0.03314485383129897,
    0.03268689624009783,
    0.032602157371421824,
    0.03257597723730391,
    0.03256752118423122,
    0.03240886493121764,
    0.03243770337459256,
    0.03247868899257769,
    0.0324181111358901,
    0.032420642000208076,
    0.03236603512963153,
    0.03203083918588724,
    0.032038821206245766,
    0.03199620706550369,
    0.03197478094567554,
    0.03192296952460387,
    0.03189654560131115,
    0.031903006724069996,
    0.03186723541380395,
    0.031758632964604204,
    0.03170785651777996,
    0.03165013213733071,
    0.031641929552834874,
    0.03158918094363339,
    0.03166639502627738,
    0.03160551900071671,
    0.03143295852684148,
    0.03155139800983861,
    0.031522957330853696,
    0.03148198422927763,
    0.031463859841481,
    0.031454230640220335,
    0.03141642572598581,
    0.03140169419218548,
    0.0313963098261203
  ],
  "val_loss": [
    0.027738222760165444,
    0.026824523366562075,
    0.027442882174348204,
    0.02636341776718204,
    0.026287460555158577,
    0.0266463894259823,
    0.02554951859835765,
    0.02565159284226982,
    0.02563082174463625,
    0.025330651204411223,
    0.026094698795578374,
    0.025649246255091584,
    0.02533880309429963,
    0.025766538718328867,
    0.025662228816187946,
    0.026069204583299133,
    0.025136155411011614,
    0.02501979138939125,
    0.02491840254619753,
    0.02490992851668808,
    0.02491360948148351,
    0.02498935497342849,
    0.02515887873771444,
    0.025222381375436663,
    0.025006791418805293,
    0.025495449173538572,
    0.024982534383765343,
    0.024614935141371252,
    0.024786902276561516,
    0.02488456313477875,
    0.024694268670950707,
    0.024902702496805797,
    0.024692556502118643,
    0.024875749424907157,
    0.02456927890615109,
    0.02465372966738721,
    0.02465451476050171,
    0.02474674124995627,
    0.02466944308316726,
    0.024762598939959402,
    0.024803260389494597,
    0.02465697096728551,
    0.024745201608626786,
    0.024677136445144222,
    0.024702195626749038,
    0.02476560507859631,
    0.02462907757026248,
    0.024772453831278768,
    0.02470351594666325,
    0.024695215114309523
  ],
  "rmse": [
    0.16654795402437142,
    0.16378193662150498,
    0.1656589322598912,
    0.1623681484884668,
    0.16213407672982358,
    0.1632372160220946,
    0.1598421657274924,
    0.16016114622865982,
    0.1600962852241548,
    0.15915605451518303,
    0.16153853229439935,
    0.1601538192750648,
    0.15918166504550108,
    0.1605195832085207,
    0.16019434592107257,
    0.16145960297136613,
    0.15854385558892645,
    0.15817645519241985,
    0.15785563535658625,
    0.15782879471455033,
    0.1578404484446791,
    0.15808021221157323,
    0.15861550496664248,
    0.15881555835904654,
    0.15813535251201097,
    0.15967294411096475,
    0.15805864801272293,
    0.15689147759145017,
    0.15743856175963042,
    0.15774841069487924,
    0.15714409839500626,
    0.15780589779177662,
    0.1571386458731337,
    0.15772047121383492,
    0.15674590451724907,
    0.1570150658822162,
    0.15701756299091044,
    0.15731096075681836,
    0.15706508352649645,
    0.15736136373862217,
    0.15749050873397627,
    0.15702538028583535,
    0.1573060705419215,
    0.15708957651702032,
    0.15716931977372217,
    0.15737090977783874,
    0.15693653794703602,
    0.15739266879533614,
    0.15717352096821316,
    0.1571471149807096
  ],
  "mae": [
    0.061832744628190994,
    0.06102486327290535,
    0.0659373328089714,
    0.06323543936014175,
    0.06314200162887573,
    0.06604478508234024,
    0.05591300129890442,
    0.060803625732660294,
    0.058329254388809204,
    0.056893493980169296,
    0.06387269496917725,
    0.06586062908172607,
    0.05618462711572647,
    0.060973212122917175,
    0.061110787093639374,
    0.06567531824111938,
    0.060296718031167984,
    0.05645214393734932,
    0.05489233136177063,
    0.056193459779024124,
    0.05663732811808586,
    0.055771369487047195,
    0.05619313195347786,
    0.06118830665946007,
    0.05909538269042969,
    0.06315150856971741,
    0.062348127365112305,
    0.05479244142770767,
    0.055680230259895325,
    0.05835282430052757,
    0.05578070878982544,
    0.0564555786550045,
    0.05655742809176445,
    0.05797029286623001,
    0.05537976697087288,
    0.05482408031821251,
    0.054996538907289505,
    0.056553445756435394,
    0.05592833831906319,
    0.05941217020153999,
    0.05795050039887428,
    0.05666207894682884,
    0.05783690884709358,
    0.0567067414522171,
    0.05687848478555679,
    0.05557660385966301,
    0.05564580485224724,
    0.05646868422627449,
    0.05727512016892433,
    0.05701371654868126
  ],
  "mape": [
    59.703468322753906,
    58.843994140625,
    55.31158447265625,
    58.996124267578125,
    53.93544387817383,
    54.87689208984375,
    58.80910110473633,
    58.62924575805664,
    54.95723342895508,
    51.884281158447266,
    55.595672607421875,
    58.79946517944336,
    56.37188720703125,
    50.38029479980469,
    51.244361877441406,
    53.725128173828125,
    56.766693115234375,
    54.18849182128906,
    51.161128997802734,
    54.66337966918945,
    54.93069839477539,
    53.059814453125,
    55.35779571533203,
    53.449302673339844,
    54.525428771972656,
    49.306766510009766,
    53.4014892578125,
    53.765342712402344,
    54.05790710449219,
    52.61174392700195,
    52.92033004760742,
    53.61328887939453,
    55.255245208740234,
    55.496429443359375,
    53.31074142456055,
    54.21684265136719,
    57.24990463256836,
    57.26427459716797,
    56.67739486694336,
    55.028045654296875,
    58.55801773071289,
    56.861732482910156,
    56.88448715209961,
    57.495391845703125,
    56.63652420043945,
    56.018043518066406,
    56.823551177978516,
    56.5694580078125,
    56.458656311035156,
    57.60419845581055
  ],
  "r2": [
    0.9717573523521423,
    0.9726876616477966,
    0.9720580577850342,
    0.9731571078300476,
    0.9732344746589661,
    0.9728690385818481,
    0.9739858508110046,
    0.9738819003105164,
    0.9739030599594116,
    0.974208652973175,
    0.9734307527542114,
    0.9738842844963074,
    0.9742003679275513,
    0.9737648963928223,
    0.9738710522651672,
    0.9734566807746887,
    0.9744067192077637,
    0.9745252132415771,
    0.9746284484863281,
    0.9746370315551758,
    0.9746333360671997,
    0.9745562076568604,
    0.9743835926055908,
    0.9743189215660095,
    0.9745384454727173,
    0.9740408658981323,
    0.9745631217956543,
    0.9749374389648438,
    0.9747623205184937,
    0.9746628999710083,
    0.9748566150665283,
    0.9746444225311279,
    0.9748584032058716,
    0.9746718406677246,
    0.9749838709831238,
    0.9748979210853577,
    0.9748970866203308,
    0.9748032093048096,
    0.9748818874359131,
    0.9747870564460754,
    0.9747456312179565,
    0.9748945832252502,
    0.9748047590255737,
    0.9748740792274475,
    0.9748485684394836,
    0.9747840166091919,
    0.9749230146408081,
    0.9747770428657532,
    0.9748471975326538,
    0.9748556613922119
  ],