{
  "train_loss": [
    0.06931616214922803,
    0.047634635658044544,
    0.04330251217037504,
    0.04106434050776709,
    0.04021545136888015,
    0.03921183214097636,
    0.038609630023865,
    0.037837849612342184,
    0.0370405533224574,
    0.036746729956879116,
    0.03574394210271605,
    0.03564185305593517,
    0.03563026900361951,
    0.035522974180283905,
    0.035296947761504986,
    0.035336702954746495,
    0.035169707149216356,
    0.03471965484658398,
    0.03464893717483137,
    0.03455567791051745,
    0.03444746059195596,
    0.034152212384500794,
    0.034081134329225035,
    0.03386101939284867,
    0.033780363293183485,
    0.03374097460105129
  ],
  "val_loss": [
    0.0315039581354176,
    0.035643364428393644,
    0.028106428522872668,
    0.027398395225844707,
    0.03146514893864758,
    0.030750154250675246,
    0.03436255170969155,
    0.03190391111453701,
    0.03392157145251414,
    0.028749356147596484,
    0.026383269775736934,
    0.027533065799553988,
    0.028259153278644446,
    0.027719126587414683,
    0.027138854408164065,
    0.027970317389475596,
    0.034282795137277146,
    0.026570386091121626,
    0.031101692001121197,
    0.027236192377840897,
    0.028140037001268475,
    0.027769131207718584,
    0.035716400236832695,
    0.027666374262429388,
    0.027392182846757117,
    0.028975129373170563
  ],
  "rmse": [
    0.17749355055952526,
    0.1887944954410649,
    0.16764972019900334,
    0.16552460367191033,
    0.17738417824204916,
    0.1753572170920502,
    0.18537137616037244,
    0.17861666042662402,
    0.18417809203539973,
    0.16955635065169045,
    0.16242927561932444,
    0.16593090027186735,
    0.1681045936587402,
    0.16649061580651991,
    0.16473874300130237,
    0.1672432891065265,
    0.18515612968408723,
    0.16300425511200592,
    0.1763567193727756,
    0.16503391032105388,
    0.16774991662169772,
    0.1666407204836515,
    0.18898782910663303,
    0.16633212269735512,
    0.16550583263596833,
    0.17022082459999552
  ],
  "mae": [
    0.07680787891149521,
    0.09548356384038925,
    0.06621810793876648,
    0.06400062888860703,
    0.0832887664437294,
    0.08646471053361893,
    0.09147394448518753,
    0.08414328843355179,
    0.09003002941608429,
    0.0728876143693924,
    0.060702793300151825,
    0.06923389434814453,
    0.07667621970176697,
    0.07190248370170593,
    0.07156983762979507,
    0.0713561549782753,
    0.09703651070594788,
    0.06546662747859955,
    0.08452396839857101,
    0.06873703747987747,
    0.07199777662754059,
    0.06978797167539597,
    0.09812114387750626,
    0.0701361745595932,
    0.06783194839954376,
    0.07598785310983658
  ],
  "mape": [
    64.85275268554688,
    60.24833297729492,
    54.943382263183594,
    56.503456115722656,
    53.85662841796875,
    55.888587951660156,
    58.984405517578125,
    52.715248107910156,
    52.2869873046875,
    55.953453063964844,
    56.51639175415039,
    54.87841796875,
    58.225135803222656,
    54.188560485839844,
    57.744388580322266,
    57.17424774169922,
    56.66358947753906,
    57.268409729003906,
    55.98823928833008,
    54.929405212402344,
    54.762001037597656,
    54.06650161743164,
    57.64375305175781,
    53.887451171875,
    52.17335891723633,
    53.36294174194336
  ],
  "r2": [
    0.967923104763031,
    0.9637084007263184,
    0.9713824391365051,
    0.9721033573150635,
    0.9679626226425171,
    0.9686906337738037,
    0.9650125503540039,
    0.9675158858299255,
    0.9654614925384521,
    0.970727801322937,
    0.9731369018554688,
    0.9719662070274353,
    0.9712269306182861,
    0.9717767834663391,
    0.9723675847053528,
    0.9715210199356079,
    0.965093731880188,
    0.9729464054107666,
    0.9683327078819275,
    0.9722684621810913,
    0.971348226070404,
    0.9717258810997009,
    0.9636340737342834,
    0.9718304872512817,
    0.9721096754074097,
    0.9704979062080383
  ],
  "nrmse": [
    0.0522267268804421,
    0.055551982135962866,
    0.049330221412633754,
    0.04870491485867883,
    0.05219454453840715,
    0.0515981197892005,
    0.05454474375919748,
    0.05255719721077687,
    0.05419362495015198,
    0.04989123936286642,
    0.04779412766501368,
    0.04882446591555677,
    0.04946406600513838,
    0.048989159845375004,
    0.04847367867865685,
    0.049210630781900445,
    0.05448140839352652,
    0.04796331294995202,
    0.05189221910980831,
    0.048560530414644434,
    0.049359703786421204,
    0.04903332751203847,
    0.05560886974971892,
    0.048942523918048694,
    0.04869939156070933,
    0.050086758013025263
  ]
}