{
  "train_loss": 0.03164581662024775,
  "val_loss": 0.028299488918739492,
  "rmse": 0.16822451702184077,
  "mae": 0.07514990121126175,
  "mape": 50.574867248535156,
  "r2": 0.9711858630180359,
  "nrmse": 0.049499352947742735
}