{
  "train_loss": 0.031034226472162602,
  "val_loss": 0.024429003797654374,
  "rmse": 0.15629780157360493,
  "mae": 0.057583775371313095,
  "mape": 49.53250503540039,
  "r2": 0.9751267433166504,
  "nrmse": 0.04598996734847914
}