{
  "train_loss": [
    0.05015409994460544,
    0.037542707040214604,
    0.03637561033612954,
    0.03584596835959397,
    0.0355351084498374,
    0.03512038240586039,
    0.034956056178421055,
    0.03467540564966369,
    0.03444687340205272,
    0.034078429274358155,
    0.034202091515515703,
    0.033998617890478,
    0.03389472530945216,
    0.033700372301407495,
    0.03297825045357492,
    0.032925405001893185,
    0.03289199786740416,
    0.032796422004243604,
    0.03280735458580962,
    0.032775228591571524,
    0.0327794014367345,
    0.03267540979248026,
    0.03268214227878413,
    0.032671687670204286,
    0.03264420186978699,
    0.032688695053718006,
    0.03263796997894653,
    0.03264368935118246,
    0.03265100109131165,
    0.032561644083453044,
    0.03256064262648687,
    0.032609520832434465,
    0.03251291260240396,
    0.032591365172634376,
    0.03252040173652515,
    0.03259240167691282,
    0.032444409913666684,
    0.032075268450202254,
    0.03193541202949146,
    0.03194917254107349,
    0.031861056422599295,
    0.031872120809517866,
    0.031870464196808335,
    0.03160775570990267,
    0.03162299283740096,
    0.03164862219743288
  ],
  "val_loss": [
    0.03398874272183228,
    0.026766101088465392,
    0.02815490200014299,
    0.02686443932709242,
    0.026770606018225625,
    0.026014115323868815,
    0.02716101409529927,
    0.02557759720713216,
    0.026661151138748406,
    0.026361190967870225,
    0.025668068638591703,
    0.026767293538939058,
    0.042030554081960936,
    0.026541241266068088,
    0.03087364346816024,
    0.025888484602257608,
    0.02619497122930864,
    0.03369423919682078,
    0.025728419673574757,
    0.02540028840367543,
    0.033799254007013675,
    0.03805565690435885,
    0.029258951542523223,
    0.031794065854391367,
    0.025381166287883835,
    0.02610384112318032,
    0.02589265769902202,
    0.025500802445170175,
    0.02648397201623149,
    0.0268096484301253,
    0.0252783127429098,
    0.025756981968369057,
    0.026179632444646057,
    0.025386105574981253,
    0.026721539386441735,
    0.02750758697007813,
    0.025905397424036615,
    0.025292758945818075,
    0.025997498605938224,
    0.02644538915229876,
    0.025392973374357853,
    0.025549147785157336,
    0.025989502616069002,
    0.025323873499037777,
    0.027832778170448356,
    0.03700892395253534
  ],
  "rmse": [
    0.18436035445608076,
    0.16360348681609768,
    0.16779422009569503,
    0.16390374995416881,
    0.16361725084585638,
    0.16128890828600823,
    0.16480598695129237,
    0.15992997047906515,
    0.16328243022473907,
    0.1623612997153713,
    0.16021257084768067,
    0.1636071243211475,
    0.20501353745422168,
    0.16291483166357165,
    0.17570896781817083,
    0.16089898106797382,
    0.16184859384468592,
    0.18355990158699376,
    0.16040080867347065,
    0.1593746734597096,
    0.18384573262423165,
    0.1950785857421665,
    0.17105247639866694,
    0.17830891024348577,
    0.15931467172011202,
    0.16156683757353002,
    0.1609119577879058,
    0.15968970054633144,
    0.1627389620309818,
    0.16373651907662176,
    0.15899154450093148,
    0.16048981077057972,
    0.16180120614304253,
    0.1593301740419021,
    0.1634672412926665,
    0.16585411181119752,
    0.1609515355295263,
    0.1590369702256966,
    0.16123739952010632,
    0.16262037674073984,
    0.1593517239721241,
    0.15984101207360893,
    0.16121260083622724,
    0.15913476485603958,
    0.1668315862500409,
    0.19237703227543035
  ],
  "mae": [
    0.09849756956100464,
    0.06093709543347359,
    0.07061021775007248,
    0.06626465916633606,
    0.0689486637711525,
    0.06497544050216675,
    0.06865528225898743,
    0.058085955679416656,
    0.06028659641742706,
    0.05903492867946625,
    0.05764620378613472,
    0.06547926366329193,
    0.15702013671398163,
    0.06278567761182785,
    0.09780462831258774,
    0.06199394166469574,
    0.06690295785665512,
    0.1248907744884491,
    0.060041382908821106,
    0.059671614319086075,
    0.12459035217761993,
    0.14045734703540802,
    0.08861509710550308,
    0.10969772189855576,
    0.05956702679395676,
    0.06287124752998352,
    0.06520839035511017,
    0.06143302470445633,
    0.07151318341493607,
    0.0677197054028511,
    0.06206842139363289,
    0.06243858486413956,
    0.0673862099647522,
    0.06458381563425064,
    0.07583814859390259,
    0.07829823344945908,
    0.06122038513422012,
    0.06395012885332108,
    0.0645325630903244,
    0.06676178425550461,
    0.06201140582561493,
    0.06421436369419098,
    0.06427750736474991,
    0.059522368013858795,
    0.08455682545900345,
    0.13529199361801147
  ],
  "mape": [
    55.496543884277344,
    55.08300018310547,
    59.18765640258789,
    53.166526794433594,
    54.572139739990234,
    52.00674057006836,
    51.891929626464844,
    55.45634460449219,
    50.27701950073242,
    58.59114456176758,
    51.04925537109375,
    53.87663269042969,
    62.29931640625,
    53.004940032958984,
    52.1670036315918,
    52.30683517456055,
    55.374610900878906,
    57.81353759765625,
    54.265350341796875,
    51.55801773071289,
    58.30848693847656,
    59.46689987182617,
    53.064735412597656,
    53.532814025878906,
    51.57313537597656,
    51.97494125366211,
    51.42129135131836,
    52.68616485595703,
    56.99000549316406,
    50.48295974731445,
    52.730125427246094,
    53.01816940307617,
    52.45596694946289,
    49.331932067871094,
    52.92503356933594,
    52.26097869873047,
    48.688812255859375,
    51.185279846191406,
    52.577030181884766,
    49.98426055908203,
    54.06292724609375,
    53.758384704589844,
    47.86695098876953,
    50.55156326293945,
    52.31494140625,
    56.66447830200195
  ],
  "r2": [
    0.9653931260108948,
    0.9727471470832825,
    0.9713330864906311,
    0.9726470112800598,
    0.9727425575256348,
    0.9735127687454224,
    0.9723450541496277,
    0.9739572405815125,
    0.97285395860672,
    0.9731593728065491,
    0.9738651514053345,
    0.9727458953857422,
    0.957205057144165,
    0.9729760885238647,
    0.9685648679733276,
    0.9736406803131104,
    0.9733286499977112,
    0.9656929969787598,
    0.973803699016571,
    0.9741377830505371,
    0.9655860662460327,
    0.9612522721290588,
    0.9702089428901672,
    0.9676277041435242,
    0.9741572737693787,
    0.9734214544296265,
    0.9736364483833313,
    0.9740354418754578,
    0.9730343818664551,
    0.9727028012275696,
    0.974261999130249,
    0.9737746119499207,
    0.9733442664146423,
    0.9741522073745728,
    0.9727925062179565,
    0.9719921350479126,
    0.9736234545707703,
    0.9742472767829895,
    0.9735296964645386,
    0.9730736613273621,
    0.974145233631134,
    0.9739862084388733,
    0.9735378623008728,
    0.974215567111969,
    0.9716610312461853,
    0.9623180031776428
  ],