{
    "rmse": 10.86555649716866,
    "mae": 4.134018898010254,
    "mape": 4771577.5,
    "r2": 0.9701439738273621,
    "nrmse": 0.04765265836581928
}