{
  "train_loss": [
    0.05207575039341997,
    0.03862048931808447,
    0.03623639013050122,
    0.03538193591894453,
    0.034828293144351444,
    0.03452740954088168,
    0.034327457081870134,
    0.03406093659551132,
    0.033962733525218114,
    0.03294762179755631,
    0.0329233255074456,
    0.032855996391953766,
    0.03280395189572124,
    0.03275437820661725,
    0.032728728430028525,
    0.032231179107942584,
    0.03214834834557099,
    0.03209901386012497,
    0.03200705131717923,
    0.03202654591588288,
    0.03197972877578728,
    0.03201480607087941,
    0.031941040833483376,
    0.031942494582515094,
    0.03159862661282288,
    0.03160002609622173,
    0.03155428692663308,
    0.03156656859824345,
    0.03155014713286776,
    0.031443612666842875,
    0.031344361911724204,
    0.031298308072108295,
    0.03126480925498951
  ],
  "val_loss": [
    0.029478651903214765,
    0.02634229880269727,
    0.025477567536361486,
    0.032147886018540656,
    0.026321684061396965,
    0.026855941484889987,
    0.026488262480532355,
    0.02964141344471001,
    0.027494630620862014,
    0.026178700113435458,
    0.03190974588634605,
    0.026524151606810275,
    0.03597376447825505,
    0.025956309765031323,
    0.026843805904440698,
    0.04250878799098986,
    0.025036324035043973,
    0.02453440886407277,
    0.025543596824347314,
    0.025010516967386383,
    0.025136907464492018,
    0.025267921418181582,
    0.03597316136419709,
    0.024997606874025243,
    0.02618509232330095,
    0.025140878784301324,
    0.02617303889151037,
    0.03492375482082788,
    0.024823180637079955,
    0.032048917455348276,
    0.032762750471219786,
    0.02465611169139903,
    0.024945490249845527
  ],
  "rmse": [
    0.1716934784437471,
    0.1623031021665046,
    0.15961694047822947,
    0.1792983111155721,
    0.1622395911658108,
    0.1638778203394918,
    0.16275215827335582,
    0.17216681503281506,
    0.16581504148411266,
    0.16179832813341652,
    0.17863299019656842,
    0.16286236748887248,
    0.18966751159857997,
    0.16110961631503035,
    0.16384078553104647,
    0.20617659519656664,
    0.15822871319147272,
    0.15663463814155845,
    0.1598236421670015,
    0.15814713676523387,
    0.1585462287588155,
    0.15895886111036436,
    0.18966591083713177,
    0.1581063150968748,
    0.16181807600597573,
    0.15855875780210302,
    0.16178082873293442,
    0.18687898392401697,
    0.15755374108905723,
    0.1790221168091461,
    0.18100483690564245,
    0.157022640125086,
    0.1579414133855867
  ],
  "mae": [
    0.08357173949480057,
    0.06732483953237534,
    0.057439930737018585,
    0.10454045236110687,
    0.0666247308254242,
    0.06650452315807343,
    0.07296845316886902,
    0.09518303722143173,
    0.06768837571144104,
    0.06996454298496246,
    0.1140458956360817,
    0.06868835538625717,
    0.13211537897586823,
    0.0661059096455574,
    0.07446501404047012,
    0.15805813670158386,
    0.06328544020652771,
    0.05773535370826721,
    0.06611102819442749,
    0.06005693972110748,
    0.06081823259592056,
    0.06331946700811386,
    0.13242734968662262,
    0.060827046632766724,
    0.06797829270362854,
    0.06205996870994568,
    0.0685378909111023,
    0.12758749723434448,
    0.05911491811275482,
    0.11299736797809601,
    0.11919878423213959,
    0.05791747197508812,
    0.06031062826514244
  ],
  "mape": [
    58.184837341308594,
    52.86105728149414,
    52.03785705566406,
    53.22380828857422,
    52.69458770751953,
    54.34956359863281,
    55.81861877441406,
    61.41289520263672,
    48.52311706542969,
    51.30807113647461,
    54.75757598876953,
    50.09214782714844,
    58.008731842041016,
    47.64805603027344,
    51.38130187988281,
    60.89949035644531,
    51.31338119506836,
    51.113372802734375,
    50.53543472290039,
    51.491111755371094,
    51.79464340209961,
    52.79143524169922,
    53.91514205932617,
    51.79486846923828,
    49.84870529174805,
    52.045494079589844,
    48.7739372253418,
    54.42517852783203,
    51.53346252441406,
    53.06312942504883,
    55.73096466064453,
    49.84156036376953,
    49.554954528808594
  ],
  "r2": [
    0.9699852466583252,
    0.9731786251068115,
    0.9740591049194336,
    0.9672674536705017,
    0.9731996059417725,
    0.9726556539535522,
    0.9730300307273865,
    0.9698195457458496,
    0.9720053672790527,
    0.9733452200889587,
    0.967509925365448,
    0.9729934930801392,
    0.963371992111206,
    0.9735716581344604,
    0.9726679921150208,
    0.9567181468009949,
    0.9745083451271057,
    0.9750193953514099,
    0.973991870880127,
    0.9745346307754517,
    0.9744059443473816,
    0.9742725491523743,
    0.9633726477622986,
    0.974547803401947,
    0.9733387231826782,
    0.9744018912315369,
    0.973351001739502,
    0.9644411206245422,
    0.9747253656387329,
    0.9673682451248169,
    0.9666414260864258,
    0.9748954772949219,
    0.9746008515357971
  ],
  "nrmse": [
    0.05052008018075808,
    0.047757001659932304,
    0.04696660993917395,
    0.05275777004425353,
    0.04773831381647725,
    0.048220355825055565,
    0.047889134520943774,
    0.050659357471013654,
    0.048790374957064536,
    0.04760847403467874,
    0.05256200217654727,
    0.04792156311668909,
    0.055808863449548746,
    0.04740582349371655,
    0.048209458489238875,
    0.06066659150445786,
    0.04655812992891518,
    0.046089080084589264,
    0.04702743103724311,
    0.04653412641036688,
    0.04665155754227704,
    0.04677297286727585,
    0.05580839243225999,
    0.046522114807029905,
    0.04761428476269318,
    0.046655244160296615,
    0.04760332491006734,
    0.054988350970087606,
    0.04635952224129134,
    0.05267650103722667,
    0.05325990804347364,
    0.04620324802792513,
    0.046473593175621816
  ]
}