{
  "train_loss": [
    0.046886361745973305,
    0.03691673527106659,
    0.035663151989050124,
    0.03500149527717408,
    0.03448814523164812,
    0.03425716950900977,
    0.033989569967433644,
    0.033718358805692704,
    0.03351669425600424,
    0.03321837057761988,
    0.033211690537647776,
    0.033166746646057135,
    0.03306934537607242,
    0.032974786485179874,
    0.032943494295606335,
    0.03297459635355228,
    0.03283180733269735,
    0.03292243278875349,
    0.032811453497242155,
    0.03276876149634615,
    0.03226504435439022,
    0.03223247576552366,
    0.03229932516674353,
    0.03211794824047556,
    0.03221552272095202,
    0.03217194873492165,
    0.03212306458532364,
    0.03211805453936282,
    0.03218908577810752,
    0.03210853922958222,
    0.03198072030791497,
    0.03211664912091641,
    0.03207678697296158,
    0.032046920609308784,
    0.03198694001877733,
    0.03214305062707158,
    0.032073950539248414,
    0.03196696376219371,
    0.031999300359250894,
    0.031724230783012765,
    0.031656304129290436,
    0.03170430642850232,
    0.03165666060097801,
    0.03167424734652729,
    0.03167157943089767,
    0.031669187139519314,
    0.03165046648121076,
    0.03162912715913382,
    0.03165115824408271,
    0.03148112815627212,
    0.03141436187203623,
    0.03137921725558945,
    0.031448030269267735,
    0.03142257876510475,
    0.03142881654641974,
    0.0314381267886204,
    0.03128364293178218,
    0.03134541188031554,
    0.03141367689125932,
    0.03129476737567038,
    0.031267511561795594,
    0.0313304174584907,
    0.03125305263189155,
    0.03126815608871435,
    0.031252902978262095,
    0.031220757355743412,
    0.031275742101355905,
    0.03127454985816505,
    0.03131332828100571,
    0.03127623054934426,
    0.031207048628122517,
    0.031224730404035,
    0.03124211464506858,
    0.03132275768449574,
    0.031195931814955512,
    0.031189694879538946,
    0.031198509601726692,
    0.031149377022052966,
    0.031154590720647257,
    0.031215703699462357,
    0.031204680297101786,
    0.031122352224606523,
    0.03115054764236752
  ],
  "val_loss": [
    0.027184012359446914,
    0.026757647889495362,
    0.027594895116009772,
    0.027417400705834562,
    0.026024775223835613,
    0.025789961037963802,
    0.02557113461828174,
    0.02547284636628532,
    0.02541575271779904,
    0.025126757197304908,
    0.0252917188059066,
    0.025187173354987078,
    0.025482610969895392,
    0.02509282500997102,
    0.025683726318743386,
    0.02517869886352083,
    0.026687405727541576,
    0.02553875192577009,
    0.025185759675462802,
    0.025196807154552275,
    0.025182120408995153,
    0.02499216758408896,
    0.02542511625077316,
    0.025448715340815494,
    0.02514442745456385,
    0.025248026034688602,
    0.024863510094608916,
    0.024911757271808187,
    0.024883788164631798,
    0.025536808906678816,
    0.024986309697815106,
    0.02521107797636863,
    0.024695256042790922,
    0.024953689492660525,
    0.02501957313320237,
    0.025180828106473804,
    0.024839990609664877,
    0.024710795342083453,
    0.024792676035995678,
    0.024644845835647463,
    0.024816973447789704,
    0.024617270718730752,
    0.0245400757584575,
    0.024810324843776568,
    0.02493428994408912,
    0.024654968141507482,
    0.02464308453396079,
    0.024963796785810725,
    0.024755466330937993,
    0.024554454552444527,
    0.024475928725339463,
    0.024638351545816367,
    0.024466794423898746,
    0.02467351757908693,
    0.024551488651557284,
    0.024581625487092317,
    0.024482039672359814,
    0.024642213738732058,
    0.02458803276126819,
    0.024586313318318734,
    0.024534744893619172,
    0.024567547190754623,
    0.024686475576752225,
    0.024653663787957535,
    0.024445212713395358,
    0.024663537251947688,
    0.024592964903529434,
    0.02440945463865499,
    0.02452504064239572,
    0.024728817787641796,
    0.024845247710085196,
    0.024681144881603508,
    0.024620051549587362,
    0.02454546333718976,
    0.024498159868122985,
    0.0245775767452407,
    0.02450133198628371,
    0.024638008504632262,
    0.024500680903939694,
    0.02447478512711173,
    0.02458091348536171,
    0.024479770287834053,
    0.02463483517580524
  ],
  "rmse": [
    0.16487573973147765,
    0.16357764624805154,
    0.16611710980739194,
    0.1655820064253533,
    0.16132195671056862,
    0.16059253164090143,
    0.15990976812381405,
    0.1596021487392239,
    0.15942317968356415,
    0.1585142114688123,
    0.15903370253683913,
    0.15870466910472358,
    0.1596327284907593,
    0.15840714450710802,
    0.16026142783822792,
    0.1586779662089567,
    0.16336280483474563,
    0.15980848492959498,
    0.15870022675869697,
    0.15873502865354552,
    0.15868875354603768,
    0.15808910805944654,
    0.15945254968243158,
    0.1595265289900834,
    0.15856995263100887,
    0.1588962758383919,
    0.15768167719785592,
    0.15783458923374247,
    0.15774596057910123,
    0.15980240065141949,
    0.15807058527974832,
    0.15877995881357282,
    0.15714724536228325,
    0.15796736823212476,
    0.1581757663100045,
    0.15868468050275528,
    0.15760707420983472,
    0.15719666996518528,
    0.1574568986386547,
    0.15698676451850874,
    0.15753404393184492,
    0.15689891534105804,
    0.15665271836018604,
    0.15751293118881554,
    0.15790594705174757,
    0.15701900429685506,
    0.1569811522816626,
    0.1579993489737166,
    0.15733870067279232,
    0.1566986081309845,
    0.15644783965699688,
    0.1569660824923636,
    0.15641864973261574,
    0.1570780627376623,
    0.15668914595181843,
    0.1567852805431035,
    0.15646736999156097,
    0.1569783816848481,
    0.1568057132067994,
    0.15680023109938418,
    0.15663570244110592,
    0.15674038466708867,
    0.15711929974727812,
    0.15701485235088852,
    0.1563496450742073,
    0.15704628578244775,
    0.15682143385393157,
    0.1562352531149766,
    0.156604721825337,
    0.15725399157176423,
    0.1576237489263451,
    0.1571023402922537,
    0.15690777725915406,
    0.15666991671042815,
    0.15651887766605863,
    0.15677237214212966,
    0.1565290105716246,
    0.15696498483307317,
    0.1565269281137579,
    0.15644419047016392,
    0.15678301140280684,
    0.1564601200634982,
    0.15695488007372613
  ],