{
    "rmse": 11.17392695862819,
    "mae": 4.461405277252197,
    "mape": 4616681.0,
    "r2": 0.9684252738952637,
    "nrmse": 0.0490050669841786
}