{
  "train_loss": 0.03308875098396376,
  "val_loss": 0.02722620567222597,
  "rmse": 0.16500364860380357,
  "mae": 0.06938681751489639,
  "mape": 56.39990997314453,
  "r2": 0.9722786545753479,
  "nrmse": 0.04855162603227796
}