{
  "train_loss": [
    0.04768302586251345,
    0.035916256501682224,
    0.035097087396761796,
    0.03462722655652212,
    0.03428592899077429,
    0.033996718540081565,
    0.03346426097960033,
    0.03330059918243219,
    0.033186660127765326,
    0.03311449895201392,
    0.03286667633604362,
    0.03258589186081951,
    0.03259604656571511,
    0.03247596233141077,
    0.03233827661730752,
    0.032309936764418914,
    0.031929021772787336,
    0.03183641992574111,
    0.03180430709648418,
    0.03171468704240228,
    0.03167138361232674,
    0.031608226146969017,
    0.0315598778252032,
    0.0314738824793111,
    0.031507716358943914,
    0.031505074290956635,
    0.03144410009067065,
    0.03141841109219198,
    0.031065943561390558,
    0.031101313932969315,
    0.03100677406137244,
    0.03100009092761628,
    0.030932430100011638,
    0.03093292762480182,
    0.030877551651887554,
    0.030915931236488843,
    0.03063599997272357,
    0.030654045120940353,
    0.030670466351840515,
    0.030623154617314335,
    0.030548921811362855,
    0.03060318803604615,
    0.030448093160917598,
    0.030413860205932074,
    0.030486512749709992
  ],
  "val_loss": [
    0.02782062894654626,
    0.026911572076833208,
    0.026742034643573973,
    0.0261300636917595,
    0.026480382951435663,
    0.025616359842133733,
    0.025901111329356918,
    0.02594530358987973,
    0.02585392786857235,
    0.025324558135459294,
    0.025709021857201437,
    0.02542909435231435,
    0.025577911473843085,
    0.025982490457024107,
    0.02588810207623041,
    0.02596233435478748,
    0.025181469724217982,
    0.02522520379928642,
    0.024852019629829844,
    0.025041018387108142,
    0.025195539242898562,
    0.02469672171704252,
    0.024901633306953868,
    0.024843966893073107,
    0.024798345515678295,
    0.02490536607568511,
    0.02498031689752771,
    0.02492888235273186,
    0.02471925385872135,
    0.024557820324003936,
    0.024658810666750162,
    0.024689179569937672,
    0.024838738846848597,
    0.024569547260997204,
    0.02478765576150874,
    0.024797003757524836,
    0.024880537658544536,
    0.024779618920850434,
    0.024819604046971318,
    0.024777218344430318,
    0.024729965393505617,
    0.024656708602208706,
    0.024604094010567762,
    0.024667714928093176,
    0.024762712657939234
  ],
  "rmse": [
    0.1667951682045868,
    0.16404747326472294,
    0.16352992240888817,
    0.16164796726814198,
    0.1627279452675817,
    0.16005110778432666,
    0.16093821479120127,
    0.16107546045762103,
    0.16079156749826407,
    0.1591369185299311,
    0.16034032547638816,
    0.1594650191973836,
    0.15993095461624957,
    0.16119084902497996,
    0.1608978002618487,
    0.1611283157183555,
    0.1586867052995871,
    0.15882444233900775,
    0.15764523082972753,
    0.15824354503108617,
    0.15873102720530144,
    0.15715189754309616,
    0.15780251018140679,
    0.15761968972301002,
    0.15747490219313628,
    0.15781433699265746,
    0.15805161839078652,
    0.15788883025118097,
    0.1572235770564046,
    0.15670934154455293,
    0.15703124003623817,
    0.1571279121495505,
    0.15760310321641532,
    0.15674676604790672,
    0.15744095750542933,
    0.15747064398239563,
    0.1577356519642684,
    0.15741543650180126,
    0.15754238537557444,
    0.15740781016028163,
    0.15725763973385973,
    0.1570245499391427,
    0.15685691384433678,
    0.1570595867533465,
    0.1573617247587006
  ],
  "mae": [
    0.06495725363492966,
    0.060462698340415955,
    0.062184467911720276,
    0.0588454008102417,
    0.06144910305738449,
    0.05610744655132294,
    0.06708207726478577,
    0.061469368636608124,
    0.06331035494804382,
    0.057919178158044815,
    0.055970437824726105,
    0.059996459633111954,
    0.06443516910076141,
    0.06591025739908218,
    0.06023958697915077,
    0.06595318019390106,
    0.06083904951810837,
    0.05807780474424362,
    0.05664309859275818,
    0.061257265508174896,
    0.06027546152472496,
    0.054534755647182465,
    0.0540284588932991,
    0.05463937669992447,
    0.054833438247442245,
    0.05885937809944153,
    0.05766670033335686,
    0.05596204474568367,
    0.05493030324578285,
    0.057253483682870865,
    0.0574609600007534,
    0.05635248124599457,
    0.058721352368593216,
    0.05371494218707085,
    0.05793929845094681,
    0.055134519934654236,
    0.05665278062224388,
    0.05662662163376808,
    0.05702388286590576,
    0.05586809292435646,
    0.0556606724858284,
    0.055029917508363724,
    0.05445435643196106,
    0.05612945184111595,
    0.055911216884851456
  ],
  "mape": [
    54.24301528930664,
    59.467472076416016,
    56.787933349609375,
    58.191585540771484,
    59.48619842529297,
    57.46010971069336,
    54.808746337890625,
    58.04082107543945,
    58.869529724121094,
    55.44025421142578,
    57.32564163208008,
    56.13484191894531,
    52.18967056274414,
    53.53657531738281,
    56.56584548950195,
    51.234310150146484,
    50.82768249511719,
    57.08401107788086,
    50.77593994140625,
    59.65186309814453,
    53.42619323730469,
    54.115684509277344,
    55.104549407958984,
    55.29067611694336,
    55.006629943847656,
    56.05060958862305,
    50.667816162109375,
    52.41407775878906,
    49.29609298706055,
    53.236549377441406,
    52.42624282836914,
    53.282814025878906,
    53.66117477416992,
    51.298545837402344,
    49.81454849243164,
    49.57560729980469,
    50.452823638916016,
    49.27030944824219,
    51.558921813964844,
    50.270591735839844,
    51.401065826416016,
    50.190216064453125,
    49.430118560791016,
    50.60200500488281,
    51.218502044677734
  ],
  "r2": [
    0.9716734290122986,
    0.9725990295410156,
    0.9727716445922852,
    0.9733947515487671,
    0.9730380177497864,
    0.9739177823066711,
    0.9736278653144836,
    0.9735828638076782,
    0.9736759066581726,
    0.9742149114608765,
    0.9738234281539917,
    0.9741084575653076,
    0.9739569425582886,
    0.9735449552536011,
    0.9736410975456238,
    0.9735655188560486,
    0.9743605852127075,
    0.9743160605430603,
    0.9746960401535034,
    0.9745035767555237,
    0.9743462204933167,
    0.9748541116714478,
    0.9746454954147339,
    0.9747042059898376,
    0.9747506380081177,
    0.9746416807174683,
    0.9745653867721558,
    0.9746177792549133,
    0.974831223487854,
    0.9749955534934998,
    0.9748927354812622,
    0.9748618006706238,
    0.9747095108032227,
    0.9749836325645447,
    0.9747615456581116,
    0.9747520089149475,
    0.974666953086853,
    0.9747697114944458,
    0.9747290015220642,
    0.9747721552848816,
    0.9748203158378601,
    0.9748948812484741,
    0.9749484658241272,
    0.9748836755752563,
    0.9747869372367859
  ],
  "nrmse": [
    0.04907877310098053,
    0.04827027548108015,
    0.048117988329748666,
    0.04756423098573727,
    0.047882009946357634,
    0.04709436183350744,
    0.04735538931994689,
    0.04739577327707115,
    0.047312238973966185,
    0.04682536551022785,
    0.04717946291669988,
    0.046921907744547436,
    0.04705900727176026,
    0.047429725875199835,
    0.04734349751554135,
    0.04741132571409139,
    0.046692892170520486,
    0.04673342071207293,
    0.04638644271070157,
    0.046562494135018354,
    0.04670593370390166,
    0.046241281476725994,
    0.046432721495019036,
    0.04637892734802752,
    0.0463363242294659,
    0.04643620148423052,
    0.04650602053249921,
    0.04645812081062338,
    0.04626237287048471,
    0.04611106124510429,
    0.04620577851542468,
    0.04623422387607582,
    0.04637404683858314,
    0.04612207324700032,
    0.04632633614861269,
    0.04633507126895748,
    0.04641304874727585,
    0.04631882670118772,
    0.046356180870606445,
    0.046316582682436686,
    0.04627239566932251,
    0.04620380998263739,
    0.04615448377043907,
    0.04621411941709523,
    0.046303022247852106
  ]
}