{
  "train_loss": [
    0.05431014280328512,
    0.041994403886841024,
    0.04065537775961644,
    0.040061782908983566,
    0.03978179615869801,
    0.039467803056385725,
    0.03903838848396037,
    0.038633022909176494,
    0.03846522622676198,
    0.03840232601796941,
    0.03823560854357548,
    0.03804779451869338,
    0.03801535200318343,
    0.037841139217131864,
    0.03779547786898924,
    0.037757674074705844,
    0.037567028099681966,
    0.03702958946576052,
    0.03699989391387892,
    0.036851885746518126,
    0.03677187869172457,
    0.03659105354390958,
    0.03657090318278574,
    0.03651883116012323,
    0.03650343377696865,
    0.03605373410582884,
    0.03601149598982732,
    0.03599144038857102,
    0.03578788981043709,
    0.03577374050558454,
    0.035828724567224315,
    0.03575294672042722,
    0.03568162993377179,
    0.035718454274919355,
    0.03565378718840944,
    0.03545777441075353,
    0.0353078090989998,
    0.035311789397108495,
    0.03523459759868229,
    0.03530605539999222,
    0.03523299850459765,
    0.035140714505472986,
    0.03506205898675509,
    0.03515846537693862
  ],
  "val_loss": [
    0.03787927821335839,
    0.031233650456946076,
    0.03053792338179122,
    0.029253261792166148,
    0.028988761102994785,
    0.02880233984346341,
    0.02866434600038842,
    0.030017363312254047,
    0.02841562642346384,
    0.028237317421392707,
    0.028161576431999222,
    0.02847813610173684,
    0.02850667399495516,
    0.02865440233230264,
    0.028277417519937426,
    0.029685894689847156,
    0.028929966686766433,
    0.029872363868115922,
    0.027857548508763295,
    0.02987044189227358,
    0.02920456680861751,
    0.028570500281550823,
    0.028247656068251553,
    0.02921493312550392,
    0.028320120755332554,
    0.02865152864886456,
    0.02808160823895342,
    0.028306320640670707,
    0.027811192493451757,
    0.02860087165485014,
    0.028207798307340666,
    0.027950872580656812,
    0.028438443146081332,
    0.02863234750386892,
    0.02975423186295546,
    0.02909984033832335,
    0.028059434346028846,
    0.028641136675491827,
    0.028275649954226663,
    0.028897258988330794,
    0.029192236415936972,
    0.02848309835622698,
    0.028631016402689398,
    0.02881636429945006
  ],
  "rmse": [
    0.19462599266463054,
    0.17673044361648632,
    0.1747510337536378,
    0.17103584759877316,
    0.1702608585808979,
    0.16971251865312967,
    0.16930547812078647,
    0.17325519052797156,
    0.16856934493639747,
    0.1680396285327975,
    0.16781410594789772,
    0.1687546574868212,
    0.16883919530864525,
    0.1692761065811013,
    0.16815890593381713,
    0.17229594895804234,
    0.17008811119701764,
    0.1728362329873046,
    0.1669058046501059,
    0.17283066660984298,
    0.1708934347237904,
    0.16902810201606833,
    0.16807038536880553,
    0.1709237597642583,
    0.16828582467012626,
    0.1692676225993508,
    0.16757568121953317,
    0.16824482253442147,
    0.16676688471850626,
    0.16911791655620825,
    0.16795177152121843,
    0.16718514209047178,
    0.1686370109298793,
    0.1692109527799234,
    0.17249414700965165,
    0.17058674863007062,
    0.16750949908301876,
    0.1692369182551595,
    0.16815364995923146,
    0.16999193917475525,
    0.17085735372177138,
    0.1687693589197159,
    0.16920701743547095,
    0.16975383012738607
  ],
  "mae": [
    0.10072281956672668,
    0.07861623913049698,
    0.07549029588699341,
    0.07661143690347672,
    0.07369834184646606,
    0.07134752720594406,
    0.07336036115884781,
    0.07757551223039627,
    0.0710153579711914,
    0.07016822695732117,
    0.0739096999168396,
    0.07634929567575455,
    0.07167986035346985,
    0.07066982984542847,
    0.07176358997821808,
    0.08111804723739624,
    0.07468143850564957,
    0.07665782421827316,
    0.07150600850582123,
    0.07715912908315659,
    0.0760749951004982,
    0.07309532910585403,
    0.07154004275798798,
    0.07884839922189713,
    0.07280900329351425,
    0.07365688681602478,
    0.07136885821819305,
    0.07257883995771408,
    0.07170277088880539,
    0.07496573030948639,
    0.07143531739711761,
    0.06997918337583542,
    0.07220574468374252,
    0.07275202125310898,
    0.07875484973192215,
    0.07526813447475433,
    0.07143303006887436,
    0.07217534631490707,
    0.0717526525259018,
    0.0734541267156601,
    0.07565749436616898,
    0.0710974633693695,
    0.07234153151512146,
    0.07329294830560684
  ],
  "mape": [
    63.91708755493164,
    58.70710754394531,
    58.07957077026367,
    61.390281677246094,
    64.39139556884766,
    58.79841613769531,
    63.80378723144531,
    60.1820182800293,
    64.35100555419922,
    65.60963439941406,
    63.39768600463867,
    66.10930633544922,
    63.3436393737793,
    63.450836181640625,
    59.937538146972656,
    61.28624725341797,
    59.117244720458984,
    57.5185661315918,
    61.874454498291016,
    59.40892791748047,
    63.688331604003906,
    64.00590515136719,
    65.15296173095703,
    60.4098014831543,
    64.34764099121094,
    62.483150482177734,
    61.516563415527344,
    65.05057525634766,
    63.8381233215332,
    63.878929138183594,
    62.51142120361328,
    65.27652740478516,
    64.86065673828125,
    61.94337463378906,
    61.19541549682617,
    63.42848587036133,
    67.17485046386719,
    64.07955169677734,
    64.76506042480469,
    63.84288024902344,
    63.25876235961914,
    65.3687973022461,
    66.0205078125,
    62.882083892822266
  ],
  "r2": [
    0.9614318609237671,
    0.968198299407959,
    0.9689067006111145,
    0.9702147245407104,
    0.9704840183258057,
    0.9706738591194153,
    0.9708143472671509,
    0.969436764717102,
    0.9710676074028015,
    0.9712491631507874,
    0.9713262915611267,
    0.9710039496421814,
    0.9709749221801758,
    0.9708244800567627,
    0.9712083339691162,
    0.9697742462158203,
    0.9705439209938049,
    0.9695843458175659,
    0.9716358184814453,
    0.9695863127708435,
    0.9702643156051636,
    0.9709098935127258,
    0.9712386131286621,
    0.9702537655830383,
    0.9711648225784302,
    0.9708274006843567,
    0.9714077115058899,
    0.9711788892745972,
    0.9716830253601074,
    0.9708789587020874,
    0.9712792038917542,
    0.9715408086776733,
    0.9710443615913391,
    0.970846951007843,
    0.9697046279907227,
    0.9703709483146667,
    0.9714303016662598,
    0.9708380103111267,
    0.9712101221084595,
    0.9705771803855896,
    0.9702768921852112,
    0.9709988832473755,
    0.9708483219146729,
    0.9706595540046692
  ],
  "nrmse": [
    0.05726787554076058,
    0.05200218588856365,
    0.05141975290457321,
    0.05032657508482452,
    0.050098537842658136,
    0.0499371911370741,
    0.04981742118123659,
    0.050979607359247434,
    0.04960081710380663,
    0.049444950291476296,
    0.04937859122428877,
    0.04965534453834151,
    0.049680219435021156,
    0.04980877872985534,
    0.049480047162469204,
    0.05069735458258523,
    0.05004770765525818,
    0.05085633087409099,
    0.04911132740734791,
    0.05085469299105533,
    0.05028467069842548,
    0.049735804435058435,
    0.04945400036044406,
    0.05029359371338103,
    0.04951739246406654,
    0.04980628235409214,
    0.049308435755931836,
    0.04950532775897603,
    0.049070450804772583,
    0.04976223198379468,
    0.049419098737243435,
    0.04919352126824866,
    0.04962072753632391,
    0.04978960749930294,
    0.05075567352136923,
    0.050194429611894506,
    0.04928896194205405,
    0.049797247730619526,
    0.04947850061416753,
    0.05001940944428429,
    0.050274054016117425,
    0.049659670372818994,
    0.04978844954083487,
    0.049949346863725666
  ]
}