{
  "train_loss": [
    0.034295748336172174,
    0.020945616413517994,
    0.019871190117965253,
    0.019156939179864732,
    0.018612621684870517,
    0.018162979149488143,
    0.01764901560618331,
    0.017426912511386596,
    0.01696355818400488,
    0.016777891108998817,
    0.016721396580818,
    0.016609259607805845,
    0.01687952726015474,
    0.01643966540458892,
    0.0165113661297963,
    0.016348972610826695,
    0.016361120995992903,
    0.016327412752729118,
    0.016207932574969074,
    0.01662585258019112,
    0.01616921317047945,
    0.016117678630196884,
    0.01645955657299843,
    0.016102115426786214,
    0.016045949235962174,
    0.016043095256930835,
    0.016046145500403303,
    0.01599547865908385,
    0.015944170655834766,
    0.01595378634958836,
    0.015892202410710682,
    0.01588978485840337,
    0.01589249483650199,
    0.01584449769845451,
    0.01604986905068991,
    0.01593208024268741,
    0.015473171525541288,
    0.015430906253882274,
    0.01540777385578148,
    0.01540844352061122,
    0.015402263991302862,
    0.015334061337306144,
    0.015322591408952733,
    0.015382668885348462,
    0.01536438827277239,
    0.015354862495173647,
    0.015295288432983506,
    0.015313047215547791,
    0.015310912451060378,
    0.01508730668510225,
    0.015034798036366053,
    0.015075832609883188,
    0.01505740900262982,
    0.015051284419110226,
    0.015045618005316331,
    0.015005809953674808,
    0.015023782248590058,
    0.01505465768494765,
    0.015003994630882103,
    0.0150288770092997,
    0.015012072281716101,
    0.014857090492365853,
    0.014848447700966211,
    0.01490136191889922,
    0.014829853623148648,
    0.014858026986711077,
    0.014870515211239466,
    0.014876295271946265,
    0.01482361061460904,
    0.014850338822972152,
    0.014894855893541933,
    0.014738330217988423,
    0.014756002453388668,
    0.014815081805968758,
    0.014768355643957256,
    0.014762480687490618,
    0.01474314903821908,
    0.014749100398837226,
    0.014721282027214651,
    0.014733728990349639
  ],
  "val_loss": [
    0.014823573761019547,
    0.012486593643776522,
    0.012267896925591142,
    0.012401288497325958,
    0.01068188829197248,
    0.010203750495448414,
    0.010515406287807413,
    0.00958301948023529,
    0.00961834914372334,
    0.009474275213079936,
    0.009502283775224486,
    0.009601403910406626,
    0.009422165729705466,
    0.009662380678568614,
    0.009745061221777136,
    0.00971050895766145,
    0.009173083763740018,
    0.00915269136145333,
    0.009263189402063252,
    0.009013990769514686,
    0.009003266240792148,
    0.009003974702206378,
    0.008999477935395215,
    0.008692861875579069,
    0.008975445871117187,
    0.00885487174168813,
    0.009061382286536529,
    0.008746884609945983,
    0.008751577058350363,
    0.008551374822131586,
    0.008634044710152838,
    0.008786646321357516,
    0.008731056793784367,
    0.008631210544516458,
    0.008958293185150484,
    0.008966595877566999,
    0.008372935617762275,
    0.008134155599996792,
    0.008880806616943702,
    0.008340203489897023,
    0.008369912421182105,
    0.008166618867352843,
    0.008103238740091367,
    0.008488237308253935,
    0.008311176444403332,
    0.008412608353683723,
    0.008430942659037594,
    0.008128906146454316,
    0.008169562731963002,
    0.008155176812320962,
    0.008063532757141133,
    0.007972096368719825,
    0.008053977164093151,
    0.008073061005040502,
    0.007866074435850638,
    0.008027684983551149,
    0.00801152428082875,
    0.00806201467645359,
    0.008097495046421113,
    0.008024940376780658,
    0.007979001142401826,
    0.007860491654079302,
    0.007937409361300331,
    0.007799727349480833,
    0.00779521569298628,
    0.007878528378450093,
    0.008019413499613217,
    0.007900726055239072,
    0.007939572086731527,
    0.008022490828518698,
    0.007962945057349964,
    0.007859471306651013,
    0.007874884158631348,
    0.007819089678596059,
    0.007873018427646513,
    0.00786452865616122,
    0.007909907721780773,
    0.00783526308272869,
    0.007838142779256013,
    0.007861148404111716
  ],
  "rmse": [
    0.1217520953008877,
    0.1117434242650562,
    0.11076054277974623,
    0.11136107208202714,
    0.10335322002039388,
    0.10101361692399029,
    0.1025446572366929,
    0.09789289412490569,
    0.09807317901454012,
    0.09733588599468423,
    0.09747965581329857,
    0.09798675399815772,
    0.09706784366100782,
    0.09829740811447307,
    0.09871707282040891,
    0.09854191188885915,
    0.09577621374378073,
    0.09566969676966992,
    0.09624546003936196,
    0.09494203953785835,
    0.09488554031483926,
    0.09488927984045849,
    0.0948655740540553,
    0.09323551648730806,
    0.09473882674431888,
    0.09410032244601983,
    0.09519129241763734,
    0.09352478154607373,
    0.09354986246046397,
    0.09247364494340812,
    0.09291956085118906,
    0.09373710960936908,
    0.09344011988842185,
    0.09290430977184683,
    0.09464826002116139,
    0.09469211089518532,
    0.09150374564174045,
    0.09018954819093644,
    0.09423802924246026,
    0.09132471299303874,
    0.09148722530162959,
    0.09036934571629471,
    0.09001798941710658,
    0.09213162826356662,
    0.09116565000730968,
    0.09172027516762245,
    0.09182016097625666,
    0.09016043887166998,
    0.09038563246362528,
    0.09030601539232848,
    0.08979717892770757,
    0.0892865952593052,
    0.08974395267892205,
    0.08985021298423863,
    0.08869089204143092,
    0.08959734859264883,
    0.08950712019452924,
    0.08978872583781387,
    0.08998608716742401,
    0.08958203093927508,
    0.08932525353206214,
    0.08865941565108869,
    0.08909213760881163,
    0.08831606258710331,
    0.08829051545141428,
    0.0887610724167555,
    0.08955117977473814,
    0.08888602843044836,
    0.0891042784946282,
    0.08956835874813159,
    0.08923533446668315,
    0.08865365899978822,
    0.08874054153169252,
    0.08842561867772246,
    0.08873003027285119,
    0.0886821812257314,
    0.08893765809868749,
    0.08851701788382942,
    0.08853328772709992,
    0.08866311315696647
  ],