{
  "train_loss": [
    0.07141077259983514,
    0.04896730904535912,
    0.044268985199335434,
    0.04207524199806847,
    0.040592766884284905,
    0.039798774199098476,
    0.03856033541211831,
    0.03800319038435303,
    0.03757165129173379,
    0.03700738802727038,
    0.0366614626450062,
    0.036432356841644024,
    0.0361793177958247,
    0.03596689568199332,
    0.03522965226752796,
    0.035005429768943885,
    0.03482619046819044,
    0.03447100999152681,
    0.03437621126862744,
    0.03415538910515493,
    0.03407830861331267,
    0.03360830691242077,
    0.0336400997269033,
    0.03359183906900035,
    0.03349888875724568,
    0.03344189307733282,
    0.03342772803234491,
    0.033253629267116135,
    0.033185989394761514,
    0.03307429200488051
  ],
  "val_loss": [
    0.03257267268307141,
    0.03596733627095653,
    0.03212916438929367,
    0.0294183951220728,
    0.028556331502072232,
    0.031028640523190175,
    0.055475585217387983,
    0.027693275060274466,
    0.027724445575857234,
    0.028835515578001503,
    0.02857075772625845,
    0.027804023175175333,
    0.027806380437479808,
    0.02804120314094236,
    0.026955006731603552,
    0.03102171752553759,
    0.02765811495357243,
    0.03135771301971983,
    0.035264484390753616,
    0.02819692338970918,
    0.030399134684292815,
    0.028126823882343305,
    0.02817385145783338,
    0.02755779197206416,
    0.02995290503017208,
    0.0385893690678668,
    0.02881725113088919,
    0.027994054924311184,
    0.03552033703647626,
    0.03237109698287439
  ],
  "rmse": [
    0.18047901677574543,
    0.18965056051839743,
    0.17924610117139705,
    0.1715179115122844,
    0.16898618876153565,
    0.1761494806270376,
    0.2355325564813485,
    0.16641296073205367,
    0.16650659105927434,
    0.16981023102375734,
    0.16902886237617823,
    0.16674538270936023,
    0.16675244796105632,
    0.16745507628904038,
    0.16417979407187902,
    0.1761298326116293,
    0.16630728850465681,
    0.17708109171701458,
    0.1877883938347661,
    0.1679193956478356,
    0.1743534753958336,
    0.16771053827111815,
    0.16785068021688448,
    0.1660053923202148,
    0.17306907352122328,
    0.1964417712851415,
    0.16975644159208944,
    0.16731423561163544,
    0.18846839926637535,
    0.1799196940665466
  ],
  "mae": [
    0.07663140445947647,
    0.10292703658342361,
    0.08940654993057251,
    0.08072057366371155,
    0.0743851438164711,
    0.07962726801633835,
    0.14799809455871582,
    0.06697947531938553,
    0.0671214759349823,
    0.07649515569210052,
    0.07195591181516647,
    0.0721731185913086,
    0.06784173101186752,
    0.06940797716379166,
    0.06464364379644394,
    0.08277512341737747,
    0.07146303355693817,
    0.08547338098287582,
    0.10222458839416504,
    0.07228050380945206,
    0.0837588980793953,
    0.07223159819841385,
    0.07429087162017822,
    0.06834085285663605,
    0.08098619431257248,
    0.09987304359674454,
    0.07424020767211914,
    0.07077515870332718,
    0.099411241710186,
    0.09255457669496536
  ],
  "mape": [
    57.732051849365234,
    62.22090148925781,
    63.916099548339844,
    60.296485900878906,
    59.28186798095703,
    53.59986877441406,
    58.917503356933594,
    60.79780960083008,
    58.3420524597168,
    58.048583984375,
    53.57407760620117,
    59.73173904418945,
    54.282493591308594,
    60.218448638916016,
    58.336753845214844,
    54.795562744140625,
    54.910499572753906,
    61.48525619506836,
    57.87034606933594,
    58.47857666015625,
    57.35315704345703,
    56.77667999267578,
    54.90315628051758,
    54.88483428955078,
    59.032291412353516,
    59.63450241088867,
    58.38990783691406,
    56.31779479980469,
    63.18425369262695,
    58.5247802734375
  ],
  "r2": [
    0.9668349623680115,
    0.9633785486221313,
    0.9672865271568298,
    0.9700465798377991,
    0.9709243178367615,
    0.9684070348739624,
    0.9435155391693115,
    0.9718030691146851,
    0.9717713594436646,
    0.9706400632858276,
    0.9709096550941467,
    0.97169029712677,
    0.971687912940979,
    0.9714488387107849,
    0.9725548028945923,
    0.9684141278266907,
    0.9718388915061951,
    0.9680719971656799,
    0.9640941619873047,
    0.9712902903556824,
    0.969048023223877,
    0.9713616371154785,
    0.9713137745857239,
    0.9719410538673401,
    0.9695023894309998,
    0.9607088565826416,
    0.9706586599349976,
    0.9714968204498291,
    0.9638336896896362,
    0.9670401811599731
  ],
  "nrmse": [
    0.05310518769320852,
    0.05580387566586741,
    0.05274240748890277,
    0.0504684203534019,
    0.049723471637104666,
    0.05183123998499738,
    0.06930445900724898,
    0.048966310168007884,
    0.048993860495961015,
    0.049965942589042495,
    0.04973602816780628,
    0.049064123929483255,
    0.04906620284992577,
    0.04927294826500371,
    0.04830921031918641,
    0.05182545863952743,
    0.04893521656183625,
    0.05210536260974426,
    0.05525594099170438,
    0.049409572273372775,
    0.05130277303850695,
    0.04934811687323907,
    0.04938935304831675,
    0.04884638488586043,
    0.05092484321683997,
    0.0578021607234606,
    0.049950115276174406,
    0.049231506491095325,
    0.055456029715164584,
    0.05294060935061933
  ]
}