{
    "rmse": 12.883954832048186,
    "mae": 6.213870525360107,
    "mape": 452517.34375,
    "r2": 0.9580215811729431,
    "nrmse": 0.05650466748633111
}