{
    "rmse": 11.00257843315531,
    "mae": 4.228288650512695,
    "mape": 4737147.5,
    "r2": 0.9693862199783325,
    "nrmse": 0.04825359026524813
}