{
  "train_loss": 0.03755422049654155,
  "val_loss": 0.02895485268389998,
  "rmse": 0.17016125402807747,
  "mae": 0.07828961312770844,
  "mape": 56.05493927001953,
  "r2": 0.9705185890197754,
  "nrmse": 0.05006922962407891
}