{
  "train_loss": 0.03170121804271453,
  "val_loss": 0.025553880284029076,
  "rmse": 0.1598558108402527,
  "mae": 0.06196027621626854,
  "mape": 48.19580841064453,
  "r2": 0.9739813804626465,
  "nrmse": 0.047036896533351
}