{
  "train_loss": 0.016279637436420916,
  "val_loss": 0.009490038848599584,
  "rmse": 0.09741682743893947,
  "mae": 0.04215148836374283,
  "mape": 30.521461486816406,
  "r2": 0.9903373718261719,
  "nrmse": 0.028664489634548092
}