{
  "train_loss": [
    0.05276277416134903,
    0.03945185095916292,
    0.037098784708793346,
    0.03603502991082587,
    0.03558701805548621,
    0.035262761556685555,
    0.03486962464511644,
    0.034633999168336475,
    0.034322474396516825,
    0.034249193722471004,
    0.034083706167939445,
    0.03403945763628739,
    0.033969548488716604,
    0.03394098929169882,
    0.03391596498909109,
    0.033803798660630914,
    0.03381641725990838,
    0.03368510529905698,
    0.03367416444742004,
    0.03367863940428597,
    0.03371440028911872,
    0.03368906856668051,
    0.032848377734167614,
    0.03274079398375393,
    0.03281809261089794,
    0.03278869744394146,
    0.0327888871067379,
    0.032770851135070216,
    0.03230949188052913,
    0.03221379748085104,
    0.03218231159473659
  ],
  "val_loss": [
    0.027636419509373535,
    0.02615243861861903,
    0.027376138158464108,
    0.025739904595630084,
    0.027568624562519503,
    0.026792764851864638,
    0.02772106847688962,
    0.02686432123740455,
    0.02568857049724441,
    0.025672733683167276,
    0.02643329063631013,
    0.02558448075791342,
    0.025617573176589425,
    0.03249653104651403,
    0.036262514583816685,
    0.025092207645483252,
    0.026868022243026916,
    0.026107847599995654,
    0.027980677075059874,
    0.026866652325957936,
    0.025700946116211088,
    0.028728691294488153,
    0.02512349849185759,
    0.03690827158273917,
    0.02705611541063845,
    0.027769515102886208,
    0.028041544802143624,
    0.029057084045609333,
    0.02600253409756695,
    0.025454085809192204,
    0.0265723278219359
  ],
  "rmse": [
    0.16624204678441887,
    0.16171714717420835,
    0.165457353451606,
    0.16043660583885927,
    0.1660380236157414,
    0.16368495552034185,
    0.16649645008385272,
    0.16390338629738296,
    0.16027653643043183,
    0.1602271318588769,
    0.162583175793364,
    0.1599514920027513,
    0.1600549074857519,
    0.18026794102845697,
    0.19042718347712664,
    0.15840519844800363,
    0.16391467632784035,
    0.16157923038120425,
    0.16727425361018378,
    0.1639105001867665,
    0.16031513822626678,
    0.16949539816286543,
    0.1585039293158633,
    0.19211525877404462,
    0.16448743602708826,
    0.16664188295114019,
    0.1674560996251728,
    0.17046137370716322,
    0.16125301732522684,
    0.15954335917733822,
    0.16301020274271255
  ],
  "mae": [
    0.06683561950922012,
    0.059874676167964935,
    0.06844015419483185,
    0.059096526354551315,
    0.07005079835653305,
    0.06939276307821274,
    0.07186859101057053,
    0.06916341930627823,
    0.057313110679388046,
    0.06530994176864624,
    0.07319891452789307,
    0.0610392801463604,
    0.05930953845381737,
    0.10870541632175446,
    0.12740765511989594,
    0.058165617287158966,
    0.07513219863176346,
    0.06283006817102432,
    0.07469016313552856,
    0.07322453707456589,
    0.0667136013507843,
    0.096832774579525,
    0.059908051043748856,
    0.12915760278701782,
    0.07127593457698822,
    0.07567614316940308,
    0.08116153627634048,
    0.08410347998142242,
    0.06524496525526047,
    0.0652344599366188,
    0.07098603993654251
  ],
  "mape": [
    60.928993225097656,
    49.94074249267578,
    55.392581939697266,
    54.004173278808594,
    53.303192138671875,
    54.421607971191406,
    52.46266555786133,
    47.830711364746094,
    59.99953079223633,
    53.32615280151367,
    55.686683654785156,
    51.07968521118164,
    52.78871536254883,
    55.09860610961914,
    56.26643753051758,
    51.9307861328125,
    52.81697463989258,
    54.595367431640625,
    51.57228088378906,
    49.46572494506836,
    52.035438537597656,
    55.33222961425781,
    51.35831069946289,
    54.5410041809082,
    51.48021697998047,
    51.05413818359375,
    50.41514205932617,
    50.16797637939453,
    48.481109619140625,
    52.336997985839844,
    52.728431701660156
  ],
  "r2": [
    0.9718610048294067,
    0.9733719229698181,
    0.9721260070800781,
    0.9737919569015503,
    0.9719300270080566,
    0.9727199673652649,
    0.9717748165130615,
    0.9726471304893494,
    0.9738442301750183,
    0.9738603830337524,
    0.9730859994888306,
    0.973950207233429,
    0.9739165306091309,
    0.9669125080108643,
    0.9630780220031738,
    0.97445148229599,
    0.9726433753967285,
    0.973417341709137,
    0.9715104699134827,
    0.9726447463035583,
    0.9738316535949707,
    0.9707488417625427,
    0.9744195938110352,
    0.9624205231666565,
    0.9724518060684204,
    0.9717254638671875,
    0.9714484810829163,
    0.9704144597053528,
    0.9735245704650879,
    0.9740830063819885,
    0.972944438457489
  ],
  "nrmse": [
    0.048916019461472116,
    0.04758458688063234,
    0.04868512676566131,
    0.04720779300632216,
    0.04885598650661708,
    0.04816360616737596,
    0.04899087655681519,
    0.0482278785000824,
    0.04716069325960179,
    0.047146156173284506,
    0.04783941214059648,
    0.04706505031091455,
    0.047095479879588203,
    0.053043079546912675,
    0.05603239368822242,
    0.04661005996954036,
    0.04823120054381475,
    0.04754400544734789,
    0.04921974195619607,
    0.04822997173195883,
    0.04717205167483328,
    0.04987330435071239,
    0.046639111110013474,
    0.056529102707833755,
    0.04839973266391966,
    0.049033669563182565,
    0.04927324937733442,
    0.050157538570864,
    0.04744801863472479,
    0.046944958952459,
    0.04796506301514324
  ]
}