{
  "train_loss": 0.03215755839448051,
  "val_loss": 0.03120623613736885,
  "rmse": 0.1766528666327656,
  "mae": 0.09021640568971634,
  "mape": 51.47529983520508,
  "r2": 0.9682262539863586,
  "nrmse": 0.05197935918906827
}