{
  "train_loss": 0.03794537739034857,
  "val_loss": 0.03072177052959168,
  "rmse": 0.17527626404290825,
  "mae": 0.08271842449903488,
  "mape": 55.323184967041016,
  "r2": 0.9687195420265198,
  "nrmse": 0.051574299696727575
}