{
  "train_loss": [
    0.04779217115997276,
    0.03662722530776526,
    0.035075221682526844,
    0.034222137759412866,
    0.033872331647769136,
    0.03350069217893399,
    0.03323326229708456,
    0.033036739646030225,
    0.032909652118575265,
    0.032732111666981055,
    0.032594391684709324,
    0.03257727817292685,
    0.032485291461116415,
    0.032364124454277846,
    0.032415212440965464,
    0.032374130709335584,
    0.03223961142878844,
    0.03225922171340388,
    0.03230371143213887,
    0.032206924081078746,
    0.03211112188838261,
    0.032112556905680156,
    0.03211307608366149,
    0.031642939170212915,
    0.031669217708136146,
    0.03152397530300242,
    0.03151744835071162,
    0.03146405796921674,
    0.03153020253785449,
    0.031512793825327214,
    0.031431140966419635,
    0.031465119274145886,
    0.03152215598131134,
    0.03149442516299833,
    0.03140383208581762,
    0.031460016497534514,
    0.031468047454235946,
    0.031467889327523944,
    0.03144413440437136,
    0.03138741493878036,
    0.03118968883899888,
    0.031117240455853106,
    0.03106594646043613,
    0.031124405479826537,
    0.031039409013098603,
    0.031053461412523103,
    0.03101350601744608,
    0.030984953847360268,
    0.030915961649984332,
    0.030853181578811367,
    0.03093758597236617,
    0.03084513869715032,
    0.03092116105019749,
    0.03089767454413369,
    0.03089267508566176,
    0.030809691166206417,
    0.03081847556568338,
    0.030845859242200745,
    0.030715290833058382,
    0.030750976379106024,
    0.030778121662423243,
    0.030655744207342826,
    0.030713524157723184,
    0.03074761059768613,
    0.030737060810675888,
    0.030691971176512015,
    0.030736503291284353,
    0.03066127543518298,
    0.0306714851627236,
    0.03058532834046765,
    0.03066382828116969,
    0.03058273722621009,
    0.030643057053163794,
    0.03064973776108191,
    0.03062909983522715,
    0.030674027664569586
  ],
  "val_loss": [
    0.02742818682295417,
    0.02992780738499798,
    0.026695786703220363,
    0.0259195914799924,
    0.025742803378872296,
    0.025698469552771323,
    0.02627829347937316,
    0.025566043646497574,
    0.0254399424709955,
    0.02519780821411849,
    0.02706948935255766,
    0.02546175170440772,
    0.02547737662025851,
    0.025368006836938642,
    0.025137641409252037,
    0.025284903614098554,
    0.024911114826099954,
    0.026092952392231538,
    0.025660531762695563,
    0.02557094040603238,
    0.025035320657200558,
    0.025498574147926372,
    0.025377605526988752,
    0.025033190277006578,
    0.025472783211997353,
    0.025154665465456808,
    0.02499903688861416,
    0.025877811584322022,
    0.024767476064558296,
    0.024664602734405128,
    0.024654636706964553,
    0.02489147611198872,
    0.025121175804263207,
    0.0246318499044204,
    0.02471936858281893,
    0.02502045594533524,
    0.024724509375741152,
    0.02519523160417875,
    0.024927925871022955,
    0.024895032921185244,
    0.024519272186114587,
    0.024494887286239202,
    0.024566920415564308,
    0.024695537640993092,
    0.024811247869502673,
    0.024885781315665347,
    0.02475243906504093,
    0.02467041370218345,
    0.024672781393701212,
    0.024509806880982837,
    0.024471239062129776,
    0.02441797365490318,
    0.024619731086448386,
    0.02455762765517807,
    0.024702192652418336,
    0.024504418213940338,
    0.024421209989442114,
    0.024560343973157244,
    0.02456634739171232,
    0.024435525544010742,
    0.02438741851776936,
    0.02447612481225389,
    0.024601460971399928,
    0.02441932334113483,
    0.024511324543642847,
    0.02453646393194838,
    0.02456737014834253,
    0.024491627487456827,
    0.02454006458389236,
    0.024620884584511445,
    0.024481840531475403,
    0.02450059097254944,
    0.024393514225834852,
    0.024424275868312268,
    0.024552916938669817,
    0.024410493182190025
  ],
  "rmse": [
    0.16561457493199364,
    0.17299655178284293,
    0.1633884513789196,
    0.16099562150987057,
    0.16044563804898435,
    0.1603074174487996,
    0.162105801554441,
    0.15989385020137306,
    0.15949903528114578,
    0.15873817341598054,
    0.16452808393382856,
    0.1595673900509391,
    0.15961633366461947,
    0.15927336574991985,
    0.15854854315266176,
    0.1590122735010565,
    0.15783255350531375,
    0.16153313009201511,
    0.1601890495488044,
    0.15990916824548115,
    0.1582255288731992,
    0.15968272523030952,
    0.15930349999421506,
    0.1582187950944921,
    0.15960195617500253,
    0.15860222291158288,
    0.15811083892316452,
    0.16086581101031724,
    0.15737686318301297,
    0.15704967191446934,
    0.15701794259540555,
    0.15777032425508367,
    0.15849660214044684,
    0.1569453740045519,
    0.157223938392871,
    0.1581785512606331,
    0.15724029244128976,
    0.15873005909782975,
    0.15788579244452108,
    0.15778160453752021,
    0.15658630894369138,
    0.15650842277115767,
    0.15673838226220035,
    0.15714814025107388,
    0.15751586384769808,
    0.15775227176395237,
    0.15732908164428802,
    0.1570681787121542,
    0.15707571481912116,
    0.15655608000317575,
    0.15643286137556248,
    0.15626251051409687,
    0.15690675635371037,
    0.15670873535805885,
    0.15716930792252104,
    0.1565388691461135,
    0.1562728626690906,
    0.15671740003633836,
    0.1567365462067495,
    0.15631866734352168,
    0.1561647182425832,
    0.15644846471308715,
    0.15684852407075378,
    0.15626682548530985,
    0.15656093415792632,
    0.15664119625225212,
    0.1567398083098466,
    0.1564980028839318,
    0.15665268268933308,
    0.15691043633052315,
    0.15646673905878597,
    0.15652664251737586,
    0.1561842303137986,
    0.15628268376886284,
    0.15669370474891364,
    0.156238567410879
  ],
  "mae": [
    0.06187757849693298,
    0.08186811953783035,
    0.06934145838022232,
    0.05925743654370308,
    0.057808589190244675,
    0.058906543999910355,
    0.06457986682653427,
    0.056901320815086365,
    0.06074441596865654,
    0.056744880974292755,
    0.06950470805168152,
    0.05784821882843971,
    0.0636030063033104,
    0.06536217778921127,
    0.055161040276288986,
    0.05684491991996765,
    0.05724151059985161,
    0.06816880404949188,
    0.06351117789745331,
    0.06856152415275574,
    0.05801340565085411,
    0.05936587229371071,
    0.06194351613521576,
    0.059827450662851334,
    0.06223972514271736,
    0.06033504009246826,
    0.05755054950714111,
    0.06225291267037392,
    0.0565478578209877,
    0.05506564676761627,
    0.05508978292346001,
    0.059535689651966095,
    0.06827717274427414,
    0.05554044991731644,
    0.05691159516572952,
    0.05551372095942497,
    0.06526373326778412,
    0.06347177922725677,
    0.05673712491989136,
    0.05962140113115311,
    0.05942949652671814,
    0.057932622730731964,
    0.05780366063117981,
    0.05866732820868492,
    0.06109318882226944,
    0.062427718192338943,
    0.05708486959338188,
    0.061580147594213486,
    0.05637696012854576,
    0.057448145002126694,
    0.05470871552824974,
    0.05495860427618027,
    0.06146199628710747,
    0.05635945871472359,
    0.06117028743028641,
    0.054325077682733536,
    0.0584673173725605,
    0.061780039221048355,
    0.060893286019563675,
    0.05463006719946861,
    0.055587682873010635,
    0.055243734270334244,
    0.058928314596414566,
    0.05677317827939987,
    0.05766429007053375,
    0.057423949241638184,
    0.059226956218481064,
    0.05883112922310829,
    0.06081235781311989,
    0.05838837847113609,
    0.058899298310279846,
    0.05871060490608215,
    0.05609836429357529,
    0.05620140582323074,
    0.058872707188129425,
    0.05605700612068176
  ],