{
    "rmse": 11.00283360830788,
    "mae": 4.293673038482666,
    "mape": 4735244.5,
    "r2": 0.9693847894668579,
    "nrmse": 0.04825470937722108
}