{
    "rmse": 11.181081283771995,
    "mae": 4.604304790496826,
    "mape": 4848451.0,
    "r2": 0.9683848023414612,
    "nrmse": 0.04903644343618128
}