{
  "train_loss": 0.037770530455071144,
  "val_loss": 0.028216434013054712,
  "rmse": 0.16797747700220822,
  "mae": 0.07424702495336533,
  "mape": 58.026546478271484,
  "r2": 0.9712704420089722,
  "nrmse": 0.049426662466352196
}