{
  "train_loss": 0.015493682398806614,
  "val_loss": 0.007342440001068231,
  "rmse": 0.08568803928304318,
  "mae": 0.03394289314746857,
  "mape": 25.00843620300293,
  "r2": 0.9925240278244019,
  "nrmse": 0.02521334330429803
}