{
    "rmse": 11.074434383923547,
    "mae": 4.688666343688965,
    "mape": 4748790.0,
    "r2": 0.9689850807189941,
    "nrmse": 0.04856872617884834
}