{
    "rmse": 6.964578928381687,
    "mae": 2.919851064682007,
    "mape": 3001803.0,
    "r2": 0.9877336025238037,
    "nrmse": 0.030544289233822266
}