{
    "rmse": 13.36613384399344,
    "mae": 6.225018501281738,
    "mape": 425577.15625,
    "r2": 0.9548206925392151,
    "nrmse": 0.058619341520353856
}