{
    "rmse": 11.021258878995267,
    "mae": 4.402280330657959,
    "mape": 4733240.5,
    "r2": 0.9692822098731995,
    "nrmse": 0.0483355163869304
}