{
    "rmse": 10.949131649894376,
    "mae": 4.273576736450195,
    "mape": 4931057.5,
    "r2": 0.9696829319000244,
    "nrmse": 0.04801919073825207
}