{
    "rmse": 11.156666125489483,
    "mae": 4.546581268310547,
    "mape": 4703452.5,
    "r2": 0.9685227274894714,
    "nrmse": 0.048929366803991556
}