{
  "train_loss": 0.03711611464839374,
  "val_loss": 0.029037716455764938,
  "rmse": 0.17040456527676057,
  "mae": 0.07464170455932617,
  "mape": 58.6822395324707,
  "r2": 0.9704341888427734,
  "nrmse": 0.05014082293038133
}