{
  "train_loss": 0.015423958213885492,
  "val_loss": 0.009585761274323234,
  "rmse": 0.09790690203010326,
  "mae": 0.043195996433496475,
  "mape": 26.97998809814453,
  "r2": 0.9902399182319641,
  "nrmse": 0.028808692011158796
}