{
  "train_loss": 0.03115054764236752,
  "val_loss": 0.02463483517580524,
  "rmse": 0.15695488007372613,
  "mae": 0.05922095850110054,
  "mape": 49.041236877441406,
  "r2": 0.9749171733856201,
  "nrmse": 0.04618330991927487
}