{
    "rmse": 11.13704312433164,
    "mae": 4.675875663757324,
    "mape": 4765517.0,
    "r2": 0.9686333537101746,
    "nrmse": 0.048843306953257684
}