{
    "rmse": 13.75704165394433,
    "mae": 6.6067986488342285,
    "mape": 435259.46875,
    "r2": 0.9521394371986389,
    "nrmse": 0.060333730937812996
}