{
  "train_loss": 0.031187203565478556,
  "val_loss": 0.025243910242776328,
  "rmse": 0.15888332206223071,
  "mae": 0.06079544499516487,
  "mape": 48.7984733581543,
  "r2": 0.9742969870567322,
  "nrmse": 0.04675074582171139
}