{
  "train_loss": [
    0.050355084807106563,
    0.0382182131522398,
    0.03713267558312558,
    0.03656765115057391,
    0.035954547510147275,
    0.03565068663049703,
    0.035071526276203045,
    0.03483418187889075,
    0.03457052505514186,
    0.03442169583023424,
    0.03426772125998113,
    0.033505642627603936,
    0.033537308086693175,
    0.03348350575234599,
    0.03338887184882782,
    0.0333943907664379,
    0.03326762931645903,
    0.03318155481599658,
    0.03316114207804425,
    0.0332364143110101,
    0.03313593858307605,
    0.03274343487058084,
    0.03271950284631335,
    0.03265339921130584,
    0.032697248842360235,
    0.03260571340038317,
    0.032562799019745695,
    0.032583826775171486,
    0.0325450106778375,
    0.032483010790601334,
    0.03252348306013021,
    0.03253370997643472,
    0.03253908800055981,
    0.03244000583862241,
    0.03240136219126093,
    0.03245392210161648,
    0.032431967547833764,
    0.03216899595872124,
    0.0321117195693747,
    0.03206286136567753,
    0.032120739339688516,
    0.0320625345204482,
    0.03202849193521278,
    0.031870708327689734,
    0.03192978745717985,
    0.03189312323808938
  ],
  "val_loss": [
    0.029525632974587723,
    0.029638085888346995,
    0.04055535714801867,
    0.02924158960389673,
    0.0257177872779681,
    0.026580134478245764,
    0.026591189707218927,
    0.028495103162832762,
    0.026064442223451043,
    0.025797576856568336,
    0.027044853490764846,
    0.030111378351839465,
    0.026018433178393002,
    0.026060447934476923,
    0.025480171507704714,
    0.026031771444333447,
    0.02615384588885418,
    0.025807609972717523,
    0.025709213635678563,
    0.029836302046377102,
    0.026529830303046276,
    0.026164638356186327,
    0.02677546229684923,
    0.026329787826938504,
    0.030091320835396448,
    0.025462635322470065,
    0.025888128533061775,
    0.026770930563731744,
    0.02551678879487429,
    0.026582796131710506,
    0.025213323879687822,
    0.026206626695788986,
    0.02936072883240763,
    0.025216029154155162,
    0.025963971684426827,
    0.026282049863348856,
    0.02615046745125646,
    0.02886766695646676,
    0.02577683224899288,
    0.025894915499920502,
    0.02618377547231806,
    0.026295817605534837,
    0.03131152108813016,
    0.02703865852002432,
    0.02556142329031947,
    0.02579976525174595
  ],
  "rmse": [
    0.17183024192124186,
    0.1721571535380015,
    0.20138359964941072,
    0.1710017137459019,
    0.16036765753089485,
    0.16303415104414729,
    0.16306805084272796,
    0.16880492623381532,
    0.16144485314814033,
    0.1606162315880896,
    0.16445319454345683,
    0.17352629828399502,
    0.16130229821733305,
    0.16143249040843605,
    0.15962509722956875,
    0.16134363312341127,
    0.16172150664813426,
    0.16064746471381905,
    0.16034092374164638,
    0.17273187534588855,
    0.16287979643435033,
    0.16175486972124573,
    0.1636320951186077,
    0.1622645543099399,
    0.17346849637089465,
    0.15957015655024365,
    0.16089787550955634,
    0.1636182412648781,
    0.1597397552475213,
    0.1630423082023771,
    0.15878703830456378,
    0.16188460014110667,
    0.17134973067094658,
    0.15879556025574781,
    0.16113339048339756,
    0.16211739485792062,
    0.16171105983896658,
    0.16990487243826385,
    0.16055164724529297,
    0.16091896663355906,
    0.16181401842067183,
    0.16215984868584737,
    0.1769506235345869,
    0.16443435783856644,
    0.1598793986403623,
    0.1606230561995988
  ],
  "mae": [
    0.07713602483272552,
    0.08691281080245972,
    0.132863387465477,
    0.0792262926697731,
    0.06052369996905327,
    0.0610947385430336,
    0.06521322578191757,
    0.07842124253511429,
    0.06236201152205467,
    0.06543026864528656,
    0.07266706973314285,
    0.08871883153915405,
    0.06957933306694031,
    0.06496772170066833,
    0.05917448550462723,
    0.06372702866792679,
    0.06829383969306946,
    0.06416226923465729,
    0.06082182377576828,
    0.08167359232902527,
    0.06949884444475174,
    0.06579273194074631,
    0.06911364942789078,
    0.06917165964841843,
    0.08797011524438858,
    0.06121763959527016,
    0.06514649093151093,
    0.06937244534492493,
    0.061824552714824677,
    0.07065704464912415,
    0.06018590182065964,
    0.06601785868406296,
    0.08593102544546127,
    0.05920455977320671,
    0.06412400305271149,
    0.0659123957157135,
    0.06624944508075714,
    0.07994180917739868,
    0.0647968277335167,
    0.06646997481584549,
    0.06829951703548431,
    0.06612058728933334,
    0.10745379328727722,
    0.07231082022190094,
    0.0630607008934021,
    0.0655415803194046
  ],
  "mape": [
    59.83295440673828,
    58.60161209106445,
    58.75868225097656,
    55.46784210205078,
    55.89247512817383,
    50.327239990234375,
    50.99229049682617,
    52.201358795166016,
    50.399906158447266,
    50.946319580078125,
    50.395816802978516,
    52.591915130615234,
    49.36878204345703,
    51.843814849853516,
    50.68397521972656,
    50.998050689697266,
    52.232540130615234,
    53.80958938598633,
    48.196380615234375,
    49.23344421386719,
    51.32672882080078,
    51.55289077758789,
    52.141265869140625,
    49.990482330322266,
    54.93947219848633,
    54.07145690917969,
    50.24542999267578,
    49.55424880981445,
    49.36749267578125,
    51.04064178466797,
    54.35219955444336,
    53.13854217529297,
    54.0557975769043,
    50.77103805541992,
    47.1100959777832,
    51.3364372253418,
    52.310035705566406,
    50.00373840332031,
    50.67374801635742,
    50.62263107299805,
    48.389469146728516,
    51.35261917114258,
    52.223079681396484,
    51.873992919921875,
    51.24076461791992,
    50.82392120361328
  ],
  "r2": [
    0.9699373841285706,
    0.969822883605957,
    0.9587070941925049,
    0.9702266454696655,
    0.9738144874572754,
    0.9729364514350891,
    0.9729251861572266,
    0.9709866642951965,
    0.9734615683555603,
    0.9737332463264465,
    0.9724633097648621,
    0.9693410396575928,
    0.9735084176063538,
    0.973465621471405,
    0.9740564227104187,
    0.973494827747345,
    0.9733704924583435,
    0.9737230539321899,
    0.9738232493400574,
    0.9696210622787476,
    0.972987711429596,
    0.9733595252037048,
    0.9727376103401184,
    0.9731913805007935,
    0.969361424446106,
    0.9740743041038513,
    0.973641037940979,
    0.9727421998977661,
    0.9740191698074341,
    0.9729337692260742,
    0.9743281602859497,
    0.9733167886734009,
    0.9701052904129028,
    0.9743253588676453,
    0.9735638499259949,
    0.9732399582862854,
    0.9733739495277405,
    0.970607340335846,
    0.9737544059753418,
    0.9736341834068298,
    0.9733400344848633,
    0.9732259511947632,
    0.9681190252304077,
    0.9724696278572083,
    0.9739736914634705,
    0.9737310409545898
  ],