{
    "rmse": 10.90957162549281,
    "mae": 4.109556198120117,
    "mape": 4899461.5,
    "r2": 0.9699016213417053,
    "nrmse": 0.04784569384205144
}