{
  "train_loss": [
    0.03958244069961341,
    0.039546192381200974,
    0.03921786048553515,
    0.039171051023201724,
    0.039051861857160794,
    0.039068850529233506,
    0.03820154007832456,
    0.037928087892726184,
    0.03789964973104346,
    0.03792566465036812,
    0.03787121485995157,
    0.037793288543463956,
    0.03725241109148814,
    0.03712450789381818,
    0.03711611464839374
  ],
  "val_loss": [
    0.03066344940738379,
    0.028363465029323718,
    0.02801115172029085,
    0.029102118851404058,
    0.02897464984536818,
    0.02930058538143099,
    0.03200299581447696,
    0.028342986335127527,
    0.03210024462871898,
    0.03027734441980956,
    0.02816286567896503,
    0.028783324146188657,
    0.030492108711408897,
    0.0422801646623399,
    0.029037716455764938
  ],
  "rmse": [
    0.1751098207332098,
    0.16841456112869882,
    0.16736532095428444,
    0.17059342549816042,
    0.17021941300878093,
    0.17117413217683367,
    0.17889381390455739,
    0.16835375951266054,
    0.17916541339376793,
    0.17400386049417965,
    0.16781795186505125,
    0.16965648600410296,
    0.17461989667626487,
    0.205621408457247,
    0.17040456527676057
  ],
  "mae": [
    0.08408726006746292,
    0.07925672084093094,
    0.07147285342216492,
    0.07467982172966003,
    0.07987410575151443,
    0.07451220601797104,
    0.08265844732522964,
    0.07240685075521469,
    0.08243019878864288,
    0.08048374205827713,
    0.0706576332449913,
    0.07211267948150635,
    0.07975570857524872,
    0.14119106531143188,
    0.07464170455932617
  ],
  "mape": [
    57.2758674621582,
    59.67271423339844,
    57.19215774536133,
    52.474700927734375,
    60.70899200439453,
    55.712093353271484,
    53.6458854675293,
    58.89091491699219,
    55.50693130493164,
    57.47113037109375,
    57.135684967041016,
    53.1181640625,
    57.079036712646484,
    61.039554595947266,
    58.6822395324707
  ],
  "r2": [
    0.9687789082527161,
    0.9711207151412964,
    0.9714794158935547,
    0.9703686237335205,
    0.9704983830451965,
    0.9701665639877319,
    0.9674149751663208,
    0.9711415767669678,
    0.9673159718513489,
    0.9691720008850098,
    0.9713249802589417,
    0.9706932306289673,
    0.9689533710479736,
    0.9569509029388428,
    0.9704341888427734
  ],
  "nrmse": [
    0.051525324456504505,
    0.04955527262275529,
    0.04924653813720141,
    0.0501963942521028,
    0.050086342658278014,
    0.05036726473730697,
    0.05263874844996477,
    0.04953738200428093,
    0.05271866545145103,
    0.051199900331727166,
    0.049379722869152196,
    0.04992070376698161,
    0.051381166373951306,
    0.0605032301535204,
    0.05014082293038133
  ]
}