{
  "train_loss": [
    0.050430492806969325,
    0.02754266524287351,
    0.02421013565662498,
    0.022578747059526484,
    0.021383182167202284,
    0.020526120713214503,
    0.019881353857677506,
    0.019305009103975385,
    0.01901689091906332,
    0.01886863988581195,
    0.018697849207444096,
    0.01849095626682695,
    0.0183411381228544,
    0.01828700022038253,
    0.018146044036998887,
    0.018054397719935007,
    0.018005413148065762,
    0.018016525095333476,
    0.017849106698034797,
    0.01780690941697537,
    0.017729512671434324,
    0.017624817168275412,
    0.017614129770967143,
    0.017606193242828035,
    0.0167978846182783,
    0.01675365742287028,
    0.016703204306525443,
    0.016723966953023715,
    0.016618105639690788,
    0.016609677631627975,
    0.016544810159225196,
    0.016549642607173225,
    0.016172646156261024,
    0.016044565112189282,
    0.01606155928248685,
    0.016070106073457848,
    0.01604134043064321,
    0.016003507814029632,
    0.015989838100650897,
    0.016024516585380535,
    0.01600684183631009,
    0.015944491535067204,
    0.015708254860655656,
    0.015700614719867195,
    0.015695592856542526,
    0.015645034376205052,
    0.015655284388099412,
    0.01566363959519229,
    0.01561690243016653,
    0.01563219559553782,
    0.015615397666295777,
    0.015490862051022005,
    0.015437601158246064,
    0.015527079400424689,
    0.015478178200727779,
    0.015481775039332206,
    0.015465529158494253,
    0.01537339316520071,
    0.015410459061760735,
    0.015423958213885492
  ],
  "val_loss": [
    0.017726437428308123,
    0.015320831345801148,
    0.012405344738132248,
    0.012345913073195044,
    0.014428291903427351,
    0.011717914026114221,
    0.012786658350639891,
    0.01139431372663849,
    0.011316847313232238,
    0.011005201289352137,
    0.011000733566569105,
    0.011038981107872091,
    0.010734501267936321,
    0.012036736604136565,
    0.011386092179219973,
    0.012202232223686545,
    0.011033757904601331,
    0.010067491602627484,
    0.010891297109423272,
    0.010160945233447224,
    0.011217310013555332,
    0.011105392669988437,
    0.011470792057093717,
    0.012968201239344704,
    0.010598235555761495,
    0.009657548841836111,
    0.011510484409607873,
    0.010161043872066997,
    0.010133746653600126,
    0.01201071392062343,
    0.010639156278213146,
    0.010003263404677408,
    0.010551979478627797,
    0.009707271927765264,
    0.0101519563716565,
    0.009602503056006932,
    0.009654705516458268,
    0.009809135636287178,
    0.01084334636941545,
    0.010156203954305401,
    0.011764419420790819,
    0.011009370372983471,
    0.009994572908341746,
    0.009935444761074275,
    0.009254739176858486,
    0.0095604672894957,
    0.009910703869127013,
    0.010116776256418682,
    0.009556626956443439,
    0.009421798897355818,
    0.010389057482054855,
    0.010121371405432351,
    0.00956417352970448,
    0.01006075218871457,
    0.010399233985575934,
    0.009848466131248611,
    0.009448750393554384,
    0.009729178871559817,
    0.009816795314060177,
    0.009585761274323234
  ],
  "rmse": [
    0.13314066342542524,
    0.12377734812870946,
    0.11137928121994187,
    0.11111216344889692,
    0.12011782328119501,
    0.10824931257208055,
    0.11307810787576628,
    0.10674414989396083,
    0.10638066612325692,
    0.1049056740393579,
    0.10488437868081966,
    0.10506656132852657,
    0.1036074384143904,
    0.10971206006298412,
    0.10670563162689996,
    0.11046370993883209,
    0.10504169453011239,
    0.10033688684038297,
    0.10436137201803279,
    0.1008015146507838,
    0.1059118077679058,
    0.10538212432964683,
    0.1071017828225406,
    0.11387800603677013,
    0.10294772864073706,
    0.09827282808847099,
    0.10728692334378029,
    0.10080200432573298,
    0.1006665092277493,
    0.10959340326500726,
    0.10314628099728215,
    0.10001631432313447,
    0.10272282528227798,
    0.09852548935562255,
    0.1007569165387766,
    0.0979923615376909,
    0.09825836052309173,
    0.09904107965568358,
    0.10413138765717848,
    0.10077799359316901,
    0.1084639076609884,
    0.10492554048226765,
    0.09997286111660653,
    0.09967669848515517,
    0.09620155242234364,
    0.09777764404672601,
    0.09955251697825562,
    0.10058218291599111,
    0.0977580017238003,
    0.09706594871828578,
    0.10192672362074862,
    0.10060502769271336,
    0.09779659676683655,
    0.10030329910162426,
    0.10197663693785883,
    0.0992394337533698,
    0.09720467588159072,
    0.0986365987976319,
    0.09907973887842608,
    0.09790690203010326
  ],
  "mae": [
    0.06475859135389328,
    0.059292808175086975,
    0.04666485637426376,
    0.05259399861097336,
    0.06610134243965149,
    0.0511026494204998,
    0.051753003150224686,
    0.042678769677877426,
    0.04856843128800392,
    0.04070260003209114,
    0.04493854567408562,
    0.04540763795375824,
    0.040751341730356216,
    0.052673060446977615,
    0.045322202146053314,
    0.051914554089307785,
    0.0480169840157032,
    0.04001089930534363,
    0.054772697389125824,
    0.04342956840991974,
    0.048307497054338455,
    0.05522729456424713,
    0.05157634615898132,
    0.05431891232728958,
    0.04647953435778618,
    0.04396679997444153,
    0.050132960081100464,
    0.044057417660951614,
    0.045628294348716736,
    0.05243188887834549,
    0.048309195786714554,
    0.04040525481104851,
    0.04746825620532036,
    0.04440992698073387,
    0.046141646802425385,
    0.045064426958560944,
    0.0425138957798481,
    0.04670663923025131,
    0.05087217316031456,
    0.05160519480705261,
    0.05374859273433685,
    0.04961402341723442,
    0.04745256528258324,
    0.04642413929104805,
    0.04059722647070885,
    0.046728603541851044,
    0.04645608738064766,
    0.0458306148648262,
    0.04252459853887558,
    0.04088672250509262,
    0.046348098665475845,
    0.04547799006104469,
    0.04224218800663948,
    0.04598017781972885,
    0.048267293721437454,
    0.044336892664432526,
    0.042331501841545105,
    0.04343642666935921,
    0.04493694007396698,
    0.043195996433496475
  ],
  "mape": [
    38.16665267944336,
    33.1146240234375,
    30.548620223999023,
    32.639251708984375,
    30.91209602355957,
    31.308963775634766,
    31.521665573120117,
    32.72156524658203,
    29.730003356933594,
    30.131793975830078,
    30.325265884399414,
    30.65259552001953,
    29.84459114074707,
    30.738813400268555,
    33.56000518798828,
    29.47463607788086,
    29.759708404541016,
    28.01912498474121,
    29.955121994018555,
    32.183624267578125,
    33.888267517089844,
    29.02587127685547,
    32.345096588134766,
    30.24793815612793,
    26.348331451416016,
    29.547178268432617,
    31.226665496826172,
    28.907703399658203,
    30.211118698120117,
    28.293624877929688,
    29.92337417602539,
    31.11940574645996,
    30.039554595947266,
    27.70514488220215,
    27.88323402404785,
    28.86674690246582,
    28.03186798095703,
    28.174808502197266,
    28.79557991027832,
    28.791866302490234,
    27.69765853881836,
    29.41879653930664,
    28.220972061157227,
    28.52281379699707,
    27.639514923095703,
    28.18293571472168,
    28.29200553894043,
    26.76938819885254,
    27.34827423095703,
    26.206666946411133,
    27.141645431518555,
    28.214746475219727,
    26.628408432006836,
    27.587764739990234,
    27.616819381713867,
    26.923805236816406,
    27.328765869140625,
    27.00263786315918,
    27.183012008666992,
    26.97998809814453
  ],