{
  "train_loss": [
    0.060215663439286436,
    0.040302158920379284,
    0.03774441065105632,
    0.036042008266309426,
    0.03559923206926101,
    0.03488501468500142,
    0.03469573939423198,
    0.03418460669605041,
    0.03404036250292418,
    0.03378219876218222,
    0.033582322340806166,
    0.033485975975478886,
    0.03341598917456265,
    0.033347569080302716,
    0.033325903773762544,
    0.033304510604016076,
    0.03320217122339843,
    0.033164992567224584,
    0.03307771776713317,
    0.03302035550048201,
    0.033011185563314394,
    0.03291760250000465,
    0.032975558356381135,
    0.03303202052176319,
    0.03222762966292061,
    0.032087810905572375,
    0.032193460581858985,
    0.03220287648754389,
    0.032041803472267746,
    0.03212816658194192,
    0.03209214797713836,
    0.031544620230560066,
    0.03151785244112492,
    0.03147682154959899,
    0.031499474754110975,
    0.031467164788056425,
    0.03142276072075338,
    0.031189183928224527,
    0.031229059863124662,
    0.03112580055880834,
    0.03121028477864639,
    0.031173738593380382,
    0.03109801276431054,
    0.031132886072736243,
    0.03092931331502773,
    0.030947284306199287,
    0.030924799840807538,
    0.030912530227036567,
    0.030830533993608814,
    0.03082999103305239,
    0.030758272742158733,
    0.030746577607702986,
    0.03080358414620989
  ],
  "val_loss": [
    0.027484483934189827,
    0.026228179546385632,
    0.027026842045371993,
    0.0280268218643456,
    0.027549970296061037,
    0.029893304127673433,
    0.03144778845277635,
    0.026025218978736206,
    0.025945153141764498,
    0.027387080261511546,
    0.026086745344802032,
    0.028950439702032506,
    0.02603847038771706,
    0.025744746299122725,
    0.025544768070078366,
    0.026914824020787816,
    0.025760907833630258,
    0.025426406350454043,
    0.028125646638950133,
    0.02638793337185924,
    0.029929847028548427,
    0.035735549296093516,
    0.027594703823470998,
    0.026080519116990254,
    0.025257095832135666,
    0.02720945815134057,
    0.02631627658752251,
    0.028267495103601374,
    0.025940074729506497,
    0.026021437545111287,
    0.03089969974326359,
    0.025952707397292787,
    0.025478394481031563,
    0.02618457940901214,
    0.028261813787534982,
    0.02703135965884484,
    0.025862263176772007,
    0.02524452569521018,
    0.027414393152798894,
    0.026529083485064563,
    0.025943982716909127,
    0.030530912125534698,
    0.02625671155927308,
    0.026809551096840384,
    0.02804210085631164,
    0.028624128970650295,
    0.030114684831190505,
    0.03128252672631294,
    0.02661927229764271,
    0.026410030914485,
    0.025921273896855175,
    0.025945357928259007,
    0.03196727366429228
  ],
  "rmse": [
    0.16578444485008278,
    0.1619511544567304,
    0.16439842279339237,
    0.16741212946429876,
    0.16598183905190336,
    0.1728967941500488,
    0.17733524907109285,
    0.1613233364678441,
    0.161074986340935,
    0.16549041921350435,
    0.16151391246899285,
    0.17014828757895092,
    0.16136439472220543,
    0.1604516921314211,
    0.15982730742687437,
    0.164057385274088,
    0.1605020488336402,
    0.15945659727122213,
    0.16770702308731356,
    0.1624436264647739,
    0.17300244658730193,
    0.1890384816448017,
    0.1661165379513909,
    0.16149463489016472,
    0.15892480559024377,
    0.1649528933060307,
    0.16222292014427575,
    0.1681293950250915,
    0.1610592240576602,
    0.1613116110415464,
    0.17578309905881048,
    0.16109843609873337,
    0.1596195310796173,
    0.16181649902746273,
    0.1681125047890348,
    0.1644121599257241,
    0.16081747931411708,
    0.15888526226517966,
    0.16557292254450826,
    0.16287750927748038,
    0.161071355254678,
    0.17473096731540805,
    0.16203923029178446,
    0.16373621761582258,
    0.16745775697151288,
    0.1691866622628566,
    0.1735358298851596,
    0.17686866740493035,
    0.16315413665169962,
    0.16251163097168603,
    0.16100084507206555,
    0.16107562813270032,
    0.17879394521248881
  ],
  "mae": [
    0.0622720867395401,
    0.05989426001906395,
    0.06631256639957428,
    0.07303130626678467,
    0.07542701065540314,
    0.08582697808742523,
    0.10737069696187973,
    0.06733626127243042,
    0.06455712020397186,
    0.08548521250486374,
    0.060728929936885834,
    0.078528992831707,
    0.06584437191486359,
    0.06392965465784073,
    0.057844191789627075,
    0.07525260746479034,
    0.07167111337184906,
    0.061355944722890854,
    0.07280223071575165,
    0.06765527278184891,
    0.0794883593916893,
    0.13115885853767395,
    0.08294078707695007,
    0.06809841841459274,
    0.056945305317640305,
    0.06917721778154373,
    0.06545519083738327,
    0.07416115701198578,
    0.06971435248851776,
    0.06370218843221664,
    0.090456523001194,
    0.06411818414926529,
    0.05979171022772789,
    0.06974628567695618,
    0.08010683953762054,
    0.06940803676843643,
    0.0655907467007637,
    0.06061119958758354,
    0.07199905067682266,
    0.07198433578014374,
    0.06558076292276382,
    0.09974883496761322,
    0.067291259765625,
    0.06875327229499817,
    0.07480978965759277,
    0.08821666240692139,
    0.10102744400501251,
    0.10643766820430756,
    0.06870240718126297,
    0.067073754966259,
    0.06427072733640671,
    0.0656113550066948,
    0.10687971860170364
  ],
  "mape": [
    63.91913986206055,
    56.493751525878906,
    57.17182159423828,
    55.19557189941406,
    55.01960372924805,
    51.88593292236328,
    63.01060485839844,
    56.67681121826172,
    54.0097541809082,
    57.755924224853516,
    49.95820236206055,
    48.64140319824219,
    55.44754409790039,
    58.500736236572266,
    56.21113586425781,
    52.66181945800781,
    56.43177795410156,
    59.681846618652344,
    48.9058952331543,
    52.783931732177734,
    51.398433685302734,
    58.49579620361328,
    54.6069450378418,
    52.27768325805664,
    51.913482666015625,
    54.45855712890625,
    51.04099655151367,
    51.273990631103516,
    53.64890670776367,
    51.68807601928711,
    53.495025634765625,
    50.64323425292969,
    53.23252868652344,
    51.455265045166016,
    53.75008010864258,
    50.696571350097656,
    52.75959396362305,
    54.03476333618164,
    51.577110290527344,
    52.40465545654297,
    52.21957015991211,
    54.74495315551758,
    51.97283172607422,
    51.162261962890625,
    49.214317321777344,
    51.436912536621094,
    55.30094528198242,
    54.39798355102539,
    51.76178741455078,
    51.80488204956055,
    50.9473876953125,
    53.12435531616211,
    54.08641052246094
  ],
  "r2": [
    0.9720156788825989,
    0.9732948541641235,
    0.9724816679954529,
    0.9714635014533997,
    0.9719489812850952,
    0.9695630669593811,
    0.9679802656173706,
    0.9735015034675598,
    0.9735829830169678,
    0.9721148610115051,
    0.9734388589859009,
    0.9705230593681335,
    0.9734879732131958,
    0.9737870693206787,
    0.9739906787872314,
    0.9725956916809082,
    0.9737706184387207,
    0.9741111993789673,
    0.971362829208374,
    0.9731321930885315,
    0.9695258140563965,
    0.9636145830154419,
    0.9719034433364868,
    0.9734451770782471,
    0.9742835760116577,
    0.9722957015037537,
    0.9732051491737366,
    0.9712184071540833,
    0.9735881686210632,
    0.9735053181648254,
    0.9685383439064026,
    0.9735752940177917,
    0.9740582704544067,
    0.9733392000198364,
    0.9712241888046265,
    0.9724770188331604,
    0.9736673831939697,
    0.9742963910102844,
    0.972087025642395,
    0.9729884266853333,
    0.9735841751098633,
    0.9689138531684875,
    0.9732657670974731,
    0.9727028608322144,
    0.9714479446411133,
    0.9708552956581116,
    0.9693376421928406,
    0.9681485891342163,
    0.9728966355323792,
    0.9731096625328064,
    0.9736073017120361,
    0.9735828042030334,
    0.9674513339996338
  ],