{
    "rmse": 11.428080698104246,
    "mae": 4.917426109313965,
    "mape": 4754257.5,
    "r2": 0.9669725894927979,
    "nrmse": 0.050119699384535074
}