{
  "train_loss": 0.03374097460105129,
  "val_loss": 0.028975129373170563,
  "rmse": 0.17022082459999552,
  "mae": 0.07598785310983658,
  "mape": 53.36294174194336,
  "r2": 0.9704979062080383,
  "nrmse": 0.050086758013025263
}