{
  "train_loss": [
    0.05311079035892144,
    0.042778383248092536,
    0.04161827565106383,
    0.04097064574417994,
    0.04047343056866769,
    0.040248374046190895,
    0.03986710048744966,
    0.03973660750245161,
    0.03965507769411767,
    0.039595198127368565,
    0.03937195249444634,
    0.03934941363318973,
    0.039204669178772925,
    0.039046093828919444,
    0.0390671013192528,
    0.03896003115640706,
    0.038918372233910876,
    0.038851234818465814,
    0.03883915820036705,
    0.03833495749502154,
    0.03823972467649476,
    0.03824124483627637,
    0.038170816261830665,
    0.03812236961463453,
    0.038128592632853814,
    0.03773987008111892,
    0.037774123273240055,
    0.037770530455071144
  ],
  "val_loss": [
    0.03012029902255846,
    0.031748047225933274,
    0.029629034365684134,
    0.028929690567854056,
    0.028153012061186308,
    0.02886194393728094,
    0.028319701074042393,
    0.03034642797771598,
    0.028898981301115723,
    0.028328215077620986,
    0.02811915059834895,
    0.028634945574886925,
    0.02768020021162632,
    0.029227874484050637,
    0.02852931192443711,
    0.02913833250805535,
    0.029345303799925115,
    0.028560693214546573,
    0.028247381322595053,
    0.028568016368493154,
    0.028174119326997624,
    0.02786287273573575,
    0.028673499963521327,
    0.02923142924063825,
    0.02874102514324068,
    0.02838323162805488,
    0.02821877165450675,
    0.028216434013054712
  ],
  "rmse": [
    0.17355200450127573,
    0.1781798219809487,
    0.17213085486407315,
    0.17008730081663048,
    0.16778858636002653,
    0.16988802715235446,
    0.16828457947698566,
    0.17420225386077132,
    0.1699970013515285,
    0.16830987999332714,
    0.16768765215879256,
    0.16921863056611894,
    0.16637367458016183,
    0.1709616135582685,
    0.16890621835494826,
    0.17069953242521715,
    0.1713047103085026,
    0.1689990845590548,
    0.1680695708008498,
    0.16902075720209775,
    0.1678514736531293,
    0.16692175132599052,
    0.16933250709763742,
    0.1709720126220564,
    0.16953178001356117,
    0.16847322358524983,
    0.16798443499232205,
    0.16797747700220822
  ],
  "mae": [
    0.07518205046653748,
    0.08081907778978348,
    0.0753704383969307,
    0.0742444172501564,
    0.06864713877439499,
    0.0728115513920784,
    0.07064911723136902,
    0.07886046916246414,
    0.07603955268859863,
    0.07209792733192444,
    0.07158750295639038,
    0.0733485147356987,
    0.0700661912560463,
    0.08213967084884644,
    0.07596433162689209,
    0.0728730633854866,
    0.08058960735797882,
    0.07405456900596619,
    0.07610863447189331,
    0.0744500383734703,
    0.07316318154335022,
    0.06987453997135162,
    0.07582657784223557,
    0.07887723296880722,
    0.07796464115381241,
    0.07265368103981018,
    0.0719444528222084,
    0.07424702495336533
  ],
  "mape": [
    63.107330322265625,
    60.74199676513672,
    61.029361724853516,
    62.08482360839844,
    58.73166275024414,
    61.77067565917969,
    59.729637145996094,
    58.902835845947266,
    60.58257293701172,
    60.845481872558594,
    60.77663803100586,
    62.58345413208008,
    60.24492263793945,
    60.73268508911133,
    62.54168701171875,
    57.073463439941406,
    61.00678253173828,
    62.22663497924805,
    61.46092987060547,
    58.07270812988281,
    58.58272933959961,
    58.48366165161133,
    58.605892181396484,
    61.40614700317383,
    62.55029296875,
    58.446632385253906,
    60.721458435058594,
    58.026546478271484
  ],
  "r2": [
    0.9693319201469421,
    0.9676745533943176,
    0.9698321223258972,
    0.970544159412384,
    0.9713349938392639,
    0.9706131815910339,
    0.9711652994155884,
    0.9691016674041748,
    0.9705754518508911,
    0.9711565971374512,
    0.9713694453239441,
    0.9708442687988281,
    0.9718164205551147,
    0.970240592956543,
    0.9709518551826477,
    0.9703317284584045,
    0.9701210260391235,
    0.9709199070930481,
    0.971238911151886,
    0.9709124565124512,
    0.9713134765625,
    0.9716303944587708,
    0.9708050489425659,
    0.9702369570732117,
    0.9707362651824951,
    0.9711005687713623,
    0.9712680578231812,
    0.9712704420089722
  ],
  "nrmse": [
    0.05106694361608149,
    0.05242865934491503,
    0.05064877634338655,
    0.05004746920425522,
    0.04937108219344427,
    0.0499888337709913,
    0.0495170260712491,
    0.051258276741119005,
    0.050020898968398966,
    0.04952447064122212,
    0.049341382731440585,
    0.04979186665543237,
    0.04895475038389984,
    0.050304732032237835,
    0.0496999406830492,
    0.050227615766811624,
    0.050405686800518476,
    0.0497272661710064,
    0.049453760677266756,
    0.04973364325459853,
    0.04938958651357746,
    0.04911601964931079,
    0.04982537434340728,
    0.05030779191279435,
    0.04988400955647171,
    0.049572533802594035,
    0.04942870982552759,
    0.049426662466352196
  ]
}