{
    "rmse": 11.275055175104916,
    "mae": 4.726487636566162,
    "mape": 4688016.0,
    "r2": 0.9678511619567871,
    "nrmse": 0.04944858116149348
}