{
  "train_loss": 0.03054603711597721,
  "val_loss": 0.024865591687763006,
  "rmse": 0.15768826854244858,
  "mae": 0.057667076587677,
  "mape": 48.83409881591797,
  "r2": 0.9746822118759155,
  "nrmse": 0.04639910637572351
}