{
  "train_loss": 0.03196750383338653,
  "val_loss": 0.026547324168811053,
  "rmse": 0.1629334896506454,
  "mae": 0.06954532861709595,
  "mape": 49.165157318115234,
  "r2": 0.9729698896408081,
  "nrmse": 0.047942490512114744
}