{
  "train_loss": 0.03721232947315885,
  "val_loss": 0.030235093153761192,
  "rmse": 0.1738824170225474,
  "mae": 0.08133010566234589,
  "mape": 57.53654098510742,
  "r2": 0.9692150354385376,
  "nrmse": 0.05116416610361377
}