{
    "rmse": 14.463631632983759,
    "mae": 6.990896224975586,
    "mape": 444575.78125,
    "r2": 0.9470967054367065,
    "nrmse": 0.06343259555937186
}