{
    "rmse": 11.098737256506473,
    "mae": 4.481269359588623,
    "mape": 4823183.0,
    "r2": 0.9688487648963928,
    "nrmse": 0.04867531036391092
}