{
    "rmse": 6.293264863940265,
    "mae": 2.4923489093780518,
    "mape": 2836879.5,
    "r2": 0.9899843335151672,
    "nrmse": 0.027600132643468833
}