{
  "train_loss": [
    0.05177511864839248,
    0.03894444875964008,
    0.036354616393419976,
    0.035326885013494035,
    0.03476977687979934,
    0.034404980981866125,
    0.03416321605999254,
    0.03393132402556984,
    0.03364038012649396,
    0.03363908624558994,
    0.033518536375337284,
    0.0332732093382502,
    0.03309715562209925,
    0.033016449139450975,
    0.03301798295763451,
    0.0329794804423901,
    0.032853501659348666,
    0.032894189945176774,
    0.03282766055928085,
    0.03282385001028471,
    0.032762391328550584,
    0.03284986980636466,
    0.03192372979827395,
    0.0320377866916671,
    0.03193867649098463,
    0.03184527716308741,
    0.03185721973587141,
    0.031783780191780096,
    0.031344528244330365,
    0.031279741259882046,
    0.03136602229829493,
    0.031318674917503245,
    0.031197868498768155,
    0.03126596828659558,
    0.0312759682318066,
    0.03107250934905186,
    0.030907274695457947,
    0.03086236409443659,
    0.030813524922434814,
    0.030840808633641956,
    0.030832768984330048,
    0.030756032591537048,
    0.030695994510907043,
    0.030658660364684384
  ],
  "val_loss": [
    0.028809898055260397,
    0.028356497653879684,
    0.027423224804067937,
    0.025524919905730574,
    0.02998085865119822,
    0.026322774914404115,
    0.025601418012384965,
    0.027542345635549335,
    0.02611300822093037,
    0.02523956140186817,
    0.026449924004609764,
    0.026150938156061777,
    0.02499082350661486,
    0.02544251633902859,
    0.0270182863013784,
    0.024782433998638134,
    0.025329449836471587,
    0.025132397423267977,
    0.025268378123879595,
    0.026107161040246442,
    0.025315342013068922,
    0.031588520765547246,
    0.025118440422463542,
    0.026615211025259638,
    0.025826287993716324,
    0.024938848286706162,
    0.03628462570065536,
    0.03274943922806141,
    0.02453981525110596,
    0.029704293765048056,
    0.034516706029765615,
    0.026954164859995317,
    0.030723494249966798,
    0.025231615975819063,
    0.024724051609281962,
    0.024827341474524832,
    0.025031424122033803,
    0.02543347812200155,
    0.032875738927549504,
    0.03433045586877658,
    0.025628083258058817,
    0.03265736720810356,
    0.02519826346908982,
    0.024846807085832662
  ],
  "rmse": [
    0.1697347915550893,
    0.16839387234893366,
    0.16559958780317732,
    0.15976519642891332,
    0.17314981064167845,
    0.16224294927380276,
    0.16000442170016121,
    0.16595886606569413,
    0.16159520129103708,
    0.15886962859672682,
    0.1626343213231406,
    0.16171251114499285,
    0.15808486050181644,
    0.15950709880305414,
    0.16437239556914485,
    0.15742436991529601,
    0.15915228601991177,
    0.1585320009559307,
    0.15896029653207644,
    0.16157710349712984,
    0.1591079526873449,
    0.1777315977948534,
    0.15848797596974992,
    0.16314169221917538,
    0.16070560117750882,
    0.1579203845918399,
    0.19048523704015208,
    0.18096806492031078,
    0.15665188603816707,
    0.17234932948372989,
    0.18578671464190047,
    0.1641772357195793,
    0.17528118423335542,
    0.15884463028867424,
    0.15723882947182755,
    0.15756694011681485,
    0.15821322067449534,
    0.15947876665657784,
    0.18131668163186357,
    0.18528479085901534,
    0.16008773361567888,
    0.18071349215259228,
    0.1587396108332872,
    0.15762870018569122
  ],
  "mae": [
    0.07279527187347412,
    0.0717335119843483,
    0.07472553104162216,
    0.06448103487491608,
    0.099917471408844,
    0.06374657899141312,
    0.06037125736474991,
    0.07523614168167114,
    0.06268349289894104,
    0.058806952089071274,
    0.066156305372715,
    0.07062134891748428,
    0.05928993970155716,
    0.06257981061935425,
    0.07003431767225266,
    0.0560692735016346,
    0.060411278158426285,
    0.06158485263586044,
    0.05991030111908913,
    0.06710874289274216,
    0.06137952208518982,
    0.10785778611898422,
    0.06470327824354172,
    0.08310777693986893,
    0.06413808465003967,
    0.06071346253156662,
    0.13472957909107208,
    0.12019572407007217,
    0.05720040574669838,
    0.10309825092554092,
    0.1304650753736496,
    0.08454125374555588,
    0.1080293357372284,
    0.06476566195487976,
    0.058943506330251694,
    0.0616290308535099,
    0.06134190782904625,
    0.06476986408233643,
    0.1213163360953331,
    0.12922082841396332,
    0.06673721969127655,
    0.12208667397499084,
    0.06321043521165848,
    0.05961717292666435
  ],
  "mape": [
    51.667659759521484,
    59.043418884277344,
    60.609371185302734,
    56.09092712402344,
    59.35959243774414,
    55.9781379699707,
    53.15645217895508,
    56.168304443359375,
    54.210567474365234,
    51.15774154663086,
    54.776512145996094,
    54.974342346191406,
    52.52494812011719,
    58.77700424194336,
    52.04177474975586,
    53.99580764770508,
    52.881229400634766,
    53.85404968261719,
    48.82280349731445,
    55.31422424316406,
    56.91010284423828,
    60.16886901855469,
    50.50819396972656,
    53.27745056152344,
    52.1171875,
    52.83586502075195,
    57.73792266845703,
    60.04261779785156,
    51.423126220703125,
    56.606529235839844,
    62.88794708251953,
    53.72000503540039,
    53.79022216796875,
    50.397850036621094,
    50.13444519042969,
    50.09032440185547,
    51.57136917114258,
    50.923789978027344,
    58.25736999511719,
    61.13399887084961,
    49.62092590332031,
    59.41826629638672,
    49.75712203979492,
    50.601375579833984
  ],
  "r2": [
    0.9706661701202393,
    0.9711278080940247,
    0.9720780253410339,
    0.9740108847618103,
    0.9694738984107971,
    0.9731985330581665,
    0.9739329814910889,
    0.9719567894935608,
    0.9734120965003967,
    0.9743014574050903,
    0.9730690717697144,
    0.9733734726905823,
    0.9745546579360962,
    0.974094808101654,
    0.9724903702735901,
    0.9747668504714966,
    0.9742099046707153,
    0.9744105339050293,
    0.9742720723152161,
    0.9734180569648743,
    0.9742242693901062,
    0.9678369760513306,
    0.9744247198104858,
    0.9729007482528687,
    0.9737040400505066,
    0.9746075868606567,
    0.9630554914474487,
    0.9666549563407898,
    0.9750139117240906,
    0.9697554707527161,
    0.9648555517196655,
    0.9725556373596191,
    0.9687177538871765,
    0.974309504032135,
    0.9748263359069824,
    0.9747211337089539,
    0.9745133519172668,
    0.9741039872169495,
    0.9665263891220093,
    0.9650452136993408,
    0.9739058613777161,
    0.9667487144470215,
    0.974343478679657,
    0.9747013449668884
  ],
  "nrmse": [
    0.04994374484431481,
    0.049549185036773274,
    0.04872697862230125,
    0.047010233625895854,
    0.05094859977320967,
    0.04773930192555714,
    0.04708062465061184,
    0.04883269473216211,
    0.04754870482004758,
    0.04674671657737736,
    0.04785446149651041,
    0.04758322274863496,
    0.04651580188313542,
    0.04693428949062026,
    0.04836588249551483,
    0.046321455320341653,
    0.04682988732918707,
    0.04664737107142765,
    0.04677339523404624,
    0.04754337962070061,
    0.04681684243350285,
    0.05229677127306896,
    0.046634416905363976,
    0.048003753237707544,
    0.04728694374751515,
    0.046467405541963144,
    0.05604947570371542,
    0.05324908804224704,
    0.04609415520524914,
    0.05071306157659729,
    0.05466695535150222,
    0.04830845753483791,
    0.05157574744196606,
    0.04673936093091573,
    0.04626686082924179,
    0.046363405999408816,
    0.046553571321290746,
    0.046925952876296584,
    0.05335166703580951,
    0.054519266400321155,
    0.04710513882954347,
    0.05317418108157765,
    0.04670845940014832,
    0.046381578638578835
  ]
}