{
    "rmse": 11.13144522853958,
    "mae": 4.541704177856445,
    "mape": 4802269.0,
    "r2": 0.9686648845672607,
    "nrmse": 0.04881875647433688
}