{
    "rmse": 12.834974572067722,
    "mae": 6.138618469238281,
    "mape": 438785.0,
    "r2": 0.9583401083946228,
    "nrmse": 0.056289856635185785
}