{
    "rmse": 11.031147294471424,
    "mae": 4.29545259475708,
    "mape": 4794685.5,
    "r2": 0.9692270159721375,
    "nrmse": 0.048378883635040275
}