{
    "rmse": 11.102381311618432,
    "mae": 4.5308756828308105,
    "mape": 4720397.0,
    "r2": 0.9688283205032349,
    "nrmse": 0.04869129195798405
}