{
  "train_loss": [
    0.04728277956599471,
    0.036001501521214084,
    0.03509688337454485,
    0.0347069783816994,
    0.03433830466071616,
    0.03389751148877559,
    0.033392886214231594,
    0.03331305114729382,
    0.033070994395639604,
    0.03287636217432037,
    0.03285356173891955,
    0.03267399885482141,
    0.032544913718094495,
    0.03252849887634526,
    0.032482216876432185,
    0.03243600095150748,
    0.0322999994523109,
    0.032409254534706174,
    0.03230775988745897,
    0.032218272656575446,
    0.032172430855977464,
    0.032068372825842704,
    0.03206811524593573,
    0.03203018606303783,
    0.03210419396409215,
    0.032011346922656586,
    0.03196701392310099,
    0.03158236969207627,
    0.03145598953681711,
    0.031459754687575885,
    0.03138478075660271,
    0.03136777908160443,
    0.031328790812657076,
    0.03131468691216681,
    0.03126785213219646,
    0.031078832651816605,
    0.03103909807676467,
    0.031034163446734975,
    0.030898827825329055,
    0.031027871420429988,
    0.030960884239972213,
    0.030713368098486443,
    0.03071580315554557,
    0.030624309690013854
  ],
  "val_loss": [
    0.027187232659751568,
    0.026999914233745217,
    0.026650361543303632,
    0.026371470176661086,
    0.025947709862997534,
    0.025764380203748875,
    0.025835212171303436,
    0.025813792178695474,
    0.02565208453128538,
    0.025927339380711786,
    0.026185663202051238,
    0.02541408869573316,
    0.02579657344601114,
    0.025822682935263658,
    0.025085152623390464,
    0.025367010676354065,
    0.025146711258789322,
    0.02493895218944481,
    0.02488376458243339,
    0.02582030782186855,
    0.02485777896864327,
    0.02507103661466459,
    0.025002185659431322,
    0.02516337897128699,
    0.02492118469010548,
    0.026092585965417327,
    0.0255477020366865,
    0.02484530201992444,
    0.02457501321808437,
    0.024794306954678727,
    0.02493670345646537,
    0.024943842023848063,
    0.024920542931025184,
    0.024895454735283203,
    0.02487042851677437,
    0.024679282534165986,
    0.024667472308673156,
    0.024847756089446886,
    0.02478895319418249,
    0.024904982898075453,
    0.024705648773185675,
    0.024824539083119546,
    0.024856569429755372,
    0.024877484985886433
  ],
  "rmse": [
    0.16488551157730663,
    0.16431650866141756,
    0.16324938504247813,
    0.16239294276092459,
    0.1610829247205373,
    0.16051286443881807,
    0.1607333578324342,
    0.16066671061820237,
    0.16016268717227086,
    0.16101968435309486,
    0.16181984864960694,
    0.15941796868905608,
    0.16061311200044828,
    0.16069437546526158,
    0.15838292583333002,
    0.15927024324963546,
    0.15857714721140687,
    0.15792071484692244,
    0.15774588382787177,
    0.16068698588748623,
    0.15766349050910408,
    0.15833835944137242,
    0.15812079324139844,
    0.15862969592465553,
    0.15786444356801604,
    0.1615319942804814,
    0.1598364847756439,
    0.15762392618175056,
    0.15676419171704964,
    0.15746207989879438,
    0.15791359061975227,
    0.15793618888220193,
    0.1578624200237445,
    0.15778293261817958,
    0.15770360593647798,
    0.1570964120537253,
    0.1570588158852045,
    0.15763170749760813,
    0.15744508046901756,
    0.15781312130343064,
    0.15718029952763185,
    0.15755805025282418,
    0.15765965680164504,
    0.15772597447850248
  ],
  "mae": [
    0.06021171808242798,
    0.05944766104221344,
    0.06423033028841019,
    0.06582861393690109,
    0.05950302630662918,
    0.05946631357073784,
    0.056978434324264526,
    0.061609022319316864,
    0.061336252838373184,
    0.06659622490406036,
    0.062166400253772736,
    0.057180918753147125,
    0.062187064439058304,
    0.061895325779914856,
    0.0588415190577507,
    0.06006770208477974,
    0.055916380137205124,
    0.055752843618392944,
    0.06020985171198845,
    0.06460577994585037,
    0.05651213228702545,
    0.05695129185914993,
    0.05865439027547836,
    0.057864896953105927,
    0.055797550827264786,
    0.07263661921024323,
    0.06447935104370117,
    0.05903823673725128,
    0.05392501503229141,
    0.057636238634586334,
    0.058470070362091064,
    0.055110231041908264,
    0.05692654475569725,
    0.05797215923666954,
    0.060477424412965775,
    0.054610107094049454,
    0.055539846420288086,
    0.05710906535387039,
    0.05816509574651718,
    0.05554582178592682,
    0.05572342500090599,
    0.057959891855716705,
    0.056432705372571945,
    0.05559935048222542
  ],
  "mape": [
    58.550411224365234,
    61.83174133300781,
    57.2838134765625,
    60.2886848449707,
    58.80411148071289,
    55.91012191772461,
    59.7491569519043,
    57.26535415649414,
    60.314918518066406,
    53.393524169921875,
    52.07361602783203,
    55.897789001464844,
    58.99733352661133,
    52.11594009399414,
    56.12948989868164,
    53.70645523071289,
    50.193851470947266,
    55.311256408691406,
    53.83945083618164,
    53.65902328491211,
    50.94156265258789,
    50.688838958740234,
    53.06586456298828,
    56.82091522216797,
    51.45858383178711,
    53.7428092956543,
    58.285892486572266,
    55.77128982543945,
    50.190059661865234,
    52.730430603027344,
    54.0911865234375,
    53.20524597167969,
    55.78894805908203,
    55.829315185546875,
    56.424625396728516,
    54.97681427001953,
    51.541202545166016,
    51.62240219116211,
    53.04340744018555,
    55.5166130065918,
    52.987117767333984,
    52.03187942504883,
    50.70195770263672,
    48.53018569946289
  ],
  "r2": [
    0.9723183512687683,
    0.9725090861320496,
    0.9728649854660034,
    0.9731489419937134,
    0.9735804200172424,
    0.9737670421600342,
    0.973694920539856,
    0.9737167358398438,
    0.9738814234733582,
    0.9736011624336243,
    0.9733381271362305,
    0.9741237163543701,
    0.9737342596054077,
    0.9737076759338379,
    0.974458634853363,
    0.9741716384887695,
    0.9743959903717041,
    0.974607527256012,
    0.9746636748313904,
    0.9737101197242737,
    0.9746901392936707,
    0.9744729995727539,
    0.9745430946350098,
    0.9743790030479431,
    0.9746255874633789,
    0.9734328985214233,
    0.9739876985549927,
    0.9747028350830078,
    0.9749780893325806,
    0.9747547507286072,
    0.9746097922325134,
    0.9746025204658508,
    0.9746262431144714,
    0.9746518135070801,
    0.9746772646903992,
    0.9748718738555908,
    0.9748839139938354,
    0.9747003316879272,
    0.9747602343559265,
    0.9746420979499817,
    0.9748450517654419,
    0.9747239947319031,
    0.9746913909912109,
    0.9746701121330261
  ],
  "nrmse": [
    0.04851686471166731,
    0.04834943800918356,
    0.04803544139568222,
    0.04778343687503031,
    0.047397969604878354,
    0.0472302317769692,
    0.047295111025882915,
    0.04727550036485295,
    0.04712719359669702,
    0.047379361394113376,
    0.04761480635558764,
    0.04690806333138278,
    0.04725972919817232,
    0.047283640629144225,
    0.04660350634683236,
    0.0468645957453573,
    0.04666065516624121,
    0.046467502718125,
    0.046416059429884915,
    0.047281466277124005,
    0.0463918155441635,
    0.0465903928744077,
    0.04652637493984818,
    0.046676117402959696,
    0.04645094513219924,
    0.04753010642440552,
    0.04703120992054273,
    0.04638017390810187,
    0.046127200676476875,
    0.04633255132356333,
    0.04646540644439855,
    0.04647205588758796,
    0.04645034971285207,
    0.04642696087980553,
    0.046403619339076295,
    0.04622495510604906,
    0.04621389259240337,
    0.046382463527396674,
    0.04632754931321829,
    0.046435843772814976,
    0.04624963864060339,
    0.04636079019451235,
    0.046390687491951056,
    0.046410201188001765
  ]
}