{
  "train_loss": [
    0.05894751745294493,
    0.04293339575008017,
    0.04113666461974157,
    0.04060717622934389,
    0.04038730572927562,
    0.040230627315351083,
    0.03994278235912713,
    0.03962263440015335,
    0.039513611531523364,
    0.03929514132497203,
    0.03921067978714185,
    0.038956148790684667,
    0.03899040254260152,
    0.038842036054606635,
    0.03891841233449204,
    0.03831142410491268,
    0.03813044708276006,
    0.03810912359578971,
    0.03805064750233029,
    0.03793374971892996,
    0.037862607363244025,
    0.03757887344927147,
    0.037616897664930586,
    0.03766278651978246,
    0.03762233016697249,
    0.03718290084169734,
    0.03701564272060791,
    0.03704901673269816,
    0.03687806746567143,
    0.036849148841337435,
    0.036828008085642426,
    0.036599646549795604,
    0.036570003134412755,
    0.036597596393085734
  ],
  "val_loss": [
    0.04447739788766473,
    0.03210141627029142,
    0.031104773369429295,
    0.02969005523533963,
    0.029804841148948397,
    0.0314566773876907,
    0.029132605723205814,
    0.03034273041410544,
    0.028515275971690738,
    0.02866654218608546,
    0.02951352735868899,
    0.029183801784612908,
    0.028790182210965985,
    0.02915503610929376,
    0.02883653645989669,
    0.029280770884189955,
    0.029936012233679213,
    0.030757432718730937,
    0.02819309504168086,
    0.029949580599443904,
    0.02933242327951684,
    0.02912794373608612,
    0.028397277372410632,
    0.02960619893985552,
    0.03272129456785923,
    0.028845615084596172,
    0.028353138750091964,
    0.028685726882706233,
    0.029128612375294953,
    0.029327189395176916,
    0.02889142115074171,
    0.029524649495558934,
    0.02844241743410062,
    0.02879713683773619
  ],
  "rmse": [
    0.2108966558260695,
    0.1791686777807814,
    0.17636545376860163,
    0.172308018716398,
    0.17264078511156358,
    0.17736029820810623,
    0.1706827655671309,
    0.17419164664873152,
    0.16886466091259253,
    0.16931196348852331,
    0.17179501362928917,
    0.1708326649119706,
    0.1696766915049168,
    0.17074845408344422,
    0.16981324198226935,
    0.1711162487025699,
    0.17302026436413803,
    0.1753779712606792,
    0.16790799772182585,
    0.1730594677788627,
    0.17126711723304688,
    0.1706691075175459,
    0.1685149217731515,
    0.1720645249743319,
    0.18089028706040836,
    0.1698399653271896,
    0.16838389481425992,
    0.16936861050789823,
    0.17067106652987266,
    0.17125182535423844,
    0.1699747628086324,
    0.17182738012922652,
    0.1686487958454275,
    0.16969719095991861
  ],
  "mae": [
    0.15298312902450562,
    0.0938091054558754,
    0.07812123745679855,
    0.0763665959239006,
    0.08580523729324341,
    0.08696062862873077,
    0.07567713409662247,
    0.08603756129741669,
    0.07278690487146378,
    0.06963728368282318,
    0.07467585057020187,
    0.08330641686916351,
    0.07109566032886505,
    0.07140754908323288,
    0.07347403466701508,
    0.0743660032749176,
    0.07939064502716064,
    0.07708783447742462,
    0.07176220417022705,
    0.07494797557592392,
    0.07670579105615616,
    0.07413016259670258,
    0.07212622463703156,
    0.08032694458961487,
    0.10559412091970444,
    0.07170937210321426,
    0.07117000222206116,
    0.07245568186044693,
    0.075075164437294,
    0.07360963523387909,
    0.07524961978197098,
    0.07700220495462418,
    0.07240648567676544,
    0.07210247963666916
  ],
  "mape": [
    67.57408905029297,
    61.02354431152344,
    55.652099609375,
    62.356876373291016,
    68.6209487915039,
    55.09701919555664,
    65.53083038330078,
    63.27208709716797,
    64.57940673828125,
    62.14080047607422,
    59.74367904663086,
    66.29938507080078,
    61.51387023925781,
    57.941307067871094,
    61.328487396240234,
    59.57295227050781,
    59.39593505859375,
    56.39965057373047,
    63.18161392211914,
    56.53843688964844,
    61.90756607055664,
    60.81207275390625,
    63.18679428100586,
    59.821956634521484,
    60.858272552490234,
    57.81993865966797,
    58.200199127197266,
    61.550140380859375,
    57.510841369628906,
    56.9646110534668,
    58.163238525390625,
    57.203495025634766,
    63.567344665527344,
    57.67747116088867
  ],
  "r2": [
    0.9547137022018433,
    0.9673147797584534,
    0.9683295488357544,
    0.9697700142860413,
    0.9696531295776367,
    0.9679712653160095,
    0.9703375697135925,
    0.9691054224967957,
    0.9709661602973938,
    0.9708121418952942,
    0.9699497222900391,
    0.9702854752540588,
    0.9706862568855286,
    0.9703147411346436,
    0.9706390500068665,
    0.970186710357666,
    0.9695195555686951,
    0.9686831831932068,
    0.9712941646575928,
    0.9695057272911072,
    0.9701341390609741,
    0.9703423380851746,
    0.9710862636566162,
    0.9698553681373596,
    0.9666836261749268,
    0.9706298112869263,
    0.9711312055587769,
    0.9707925915718079,
    0.9703416228294373,
    0.9701394438743591,
    0.9705831408500671,
    0.9699383974075317,
    0.9710403084754944,
    0.9706791639328003
  ],
  "nrmse": [
    0.06205544939016172,
    0.05271962598352922,
    0.05189478916885459,
    0.05070090605795527,
    0.0507988211629296,
    0.052187517939374664,
    0.05022268218970331,
    0.051255155613819346,
    0.04968771258132426,
    0.049819329473275616,
    0.0505499564798537,
    0.050266789438207955,
    0.049926649150175306,
    0.05024201075792374,
    0.049966828550855526,
    0.05035023276971302,
    0.05091048132871322,
    0.05160422661557926,
    0.04940621848183028,
    0.0509220167677596,
    0.05039462519699411,
    0.050218663366353694,
    0.049584803318100855,
    0.05062925905374641,
    0.05322620223578441,
    0.0499746917821227,
    0.04954624918937655,
    0.04983599761924576,
    0.05021923979744892,
    0.05039012562630266,
    0.05001435537116745,
    0.050559480185627656,
    0.049624195197902066,
    0.0499326810281461
  ]
}