{
  "train_loss": [
    0.05258593288137206,
    0.036853527591565745,
    0.03560915255725269,
    0.03512515112457452,
    0.034836761071765726,
    0.03447361145691929,
    0.03405646083690035,
    0.03382460636284563,
    0.03371262935658438,
    0.03337544386566156,
    0.033104560509733254,
    0.03292862104967997,
    0.03287659799128721,
    0.03277597158146652,
    0.032587363290776925,
    0.03253954645430494,
    0.03262905972444189,
    0.03250475739075777,
    0.032424352738895434,
    0.03189078949045569,
    0.03187059675610558,
    0.03182327845541528,
    0.03176515806424156,
    0.03172366585263779,
    0.03174181446991884,
    0.03174150199813838,
    0.031718814276004814,
    0.03169456581260733,
    0.03167790727609499,
    0.03172793575184555,
    0.03166758130264703,
    0.03165963371681901,
    0.03159750717097166,
    0.03158204301118065,
    0.031541665605453115,
    0.03157765712019478,
    0.0314889505352249,
    0.031576522365413875,
    0.03159553139874837,
    0.03156169366547172,
    0.03120680936408463,
    0.03120162104621993,
    0.031166265847247233,
    0.031168198707061442,
    0.031219154972946375,
    0.03113069575137689,
    0.031055216330030073,
    0.03096816035885514,
    0.03085458009293411,
    0.030899667860206356,
    0.030893282428940086,
    0.030920315353925667,
    0.030864183967080714,
    0.030771231160884902,
    0.030784695018397496,
    0.03075048223749988,
    0.03072458378561882,
    0.0307281422401984,
    0.030690123829534705,
    0.030770474070424707,
    0.030707726918359112,
    0.030744828950014215,
    0.03074198753542211,
    0.030729353146530317,
    0.03071763539401366,
    0.030713627277916794,
    0.03071006877575668,
    0.030702740033528787,
    0.030705050030610838,
    0.03065891186897039,
    0.030631459338829214,
    0.03061701311346821,
    0.030690011055537814,
    0.030606651700153566,
    0.030655210785175406,
    0.030626586059566085,
    0.030624009309225306,
    0.030599401213561587,
    0.030555607781256763,
    0.030616843572542986,
    0.030568506331427037,
    0.030558172526554354,
    0.030537469546824333,
    0.03045861194920773,
    0.030572994941429253,
    0.03052163087462846
  ],
  "val_loss": [
    0.02844519174240568,
    0.02814179832005818,
    0.02661118942382445,
    0.02790789950812348,
    0.02644697392029825,
    0.026348819485739243,
    0.026390011729182254,
    0.02662405674306881,
    0.026258013588734055,
    0.025925854506584883,
    0.026067136230609796,
    0.026204655259721075,
    0.025661059471248686,
    0.026247138214217224,
    0.026086149242626602,
    0.026859566443054986,
    0.026075526213338543,
    0.02594567739745172,
    0.026806550502314584,
    0.025190473126521184,
    0.025843164114354646,
    0.025159547195213742,
    0.025153065361684365,
    0.025222189811581044,
    0.025170145501290854,
    0.02518050929963601,
    0.025460514779575172,
    0.025764587095723636,
    0.02514237478312992,
    0.025052276975504252,
    0.025373530265862785,
    0.02576181115356002,
    0.02552932704248753,
    0.024954047960676375,
    0.02534541615261202,
    0.02550294552353332,
    0.026335868803287588,
    0.02508761819283209,
    0.02537776624036365,
    0.024967338201355622,
    0.02522748569033876,
    0.025452942993891704,
    0.0250682013290418,
    0.025256921391343373,
    0.025452937807650216,
    0.025109734787095193,
    0.024921993403209452,
    0.025208188855361316,
    0.024943366944688225,
    0.024925776700831907,
    0.025421474609945045,
    0.025025250453139615,
    0.025011118894841207,
    0.025192719133356287,
    0.024893925194513614,
    0.024898610518449237,
    0.024913027256852103,
    0.024883013798885318,
    0.026024019681231345,
    0.025437910523822015,
    0.024917474100255303,
    0.025019907101955587,
    0.025647222517875736,
    0.02485445331370161,
    0.02571806141626287,
    0.0257050525141158,
    0.02522135681282166,
    0.024998294978841797,
    0.024952260322520795,
    0.024951422357830783,
    0.024837461276813123,
    0.025482828907830272,
    0.024927291988956577,
    0.024890783854329336,
    0.024927502139869582,
    0.024934597620500893,
    0.02584581829825874,
    0.02491492483347349,
    0.02551886497268551,
    0.02489706510791779,
    0.024870412467156683,
    0.02493281295326007,
    0.025318317894561654,
    0.02492011687116607,
    0.024883617675608018,
    0.024912881765888642
  ],
  "rmse": [
    0.1686570238127812,
    0.16775516303903304,
    0.16312936101944925,
    0.16705656762584395,
    0.16262525032208916,
    0.16232319598930842,
    0.16245001886232077,
    0.1631687947473557,
    0.16204324775353424,
    0.16101507451473718,
    0.16145320020227388,
    0.1618785191028237,
    0.16019069487309975,
    0.1620096853817293,
    0.16151206727236742,
    0.16388887914279957,
    0.16147917887240965,
    0.16107661683392932,
    0.16372705976852375,
    0.15871506734662666,
    0.16075809140516506,
    0.15861760697597985,
    0.15859717285521543,
    0.15881494848344785,
    0.1586510181383362,
    0.15868367689822732,
    0.1595635145366554,
    0.16051350847815254,
    0.15856346841929148,
    0.15827910635533105,
    0.15929070211464072,
    0.16050485724752522,
    0.15977899966416936,
    0.15796850019561606,
    0.15920243364012332,
    0.15969641895731077,
    0.16228329853826867,
    0.15839071102089194,
    0.15930400276794587,
    0.15801056575380415,
    0.1588316253918111,
    0.15953978663254448,
    0.15832940112949007,
    0.15892426059572498,
    0.15953977495743035,
    0.158460513649949,
    0.15786701573262346,
    0.15877086704070925,
    0.15793469108073332,
    0.15787899108487274,
    0.15944112476496275,
    0.15819370571399755,
    0.1581490388887166,
    0.15872213799671758,
    0.15777808654539285,
    0.15779292532883293,
    0.15783861340805042,
    0.15774350452123626,
    0.1613196128280625,
    0.15949266475220225,
    0.15785270311018545,
    0.158176820240005,
    0.1601474922390849,
    0.15765294611241165,
    0.16036851702696656,
    0.16032795308275544,
    0.15881232716454502,
    0.1581084886701923,
    0.15796284029704294,
    0.15796018125384254,
    0.15759904348131856,
    0.15963342275406248,
    0.1578837927690135,
    0.15776813421665312,
    0.15788446522909025,
    0.15790692610966778,
    0.1607663408768263,
    0.15784461997590513,
    0.15974625584306945,
    0.15778803234403405,
    0.15770355278674475,
    0.15790127580026425,
    0.1591173061464618,
    0.15786106311364057,
    0.15774541741575135,
    0.1578381472699461
  ],