{
  "train_loss": [
    0.048449614169911843,
    0.03706052055218776,
    0.03565527286731898,
    0.03499286695012292,
    0.03453047606043501,
    0.03424376798235087,
    0.03411247986817138,
    0.03380452118447016,
    0.03370354837110153,
    0.03354798510500963,
    0.033291195890036006,
    0.03322594734813672,
    0.03304553787936359,
    0.03295166966450439,
    0.03285258086280392,
    0.03233698250978146,
    0.03228190309065979,
    0.03226272646899062,
    0.03220364340835094,
    0.03209251757437979,
    0.032121097871227675,
    0.03213096586396816,
    0.03212396354119273,
    0.032071646048549445,
    0.032066286866197266,
    0.0319943673178636,
    0.032106997472533066,
    0.031985229639580934,
    0.03200076616663159,
    0.03169610322892662,
    0.031747251719802944,
    0.031656782185777346,
    0.03161932402147347,
    0.03165734992752061,
    0.031633025088408026,
    0.031600339171271835,
    0.031626088976338396,
    0.03166512340991748,
    0.031589029013711856,
    0.03160658733308739,
    0.03162457097098993,
    0.031568863013738645,
    0.03156257334337967,
    0.03157140082695331,
    0.03150729893175195,
    0.03135050843740529,
    0.03138428265930735,
    0.03130886796152975,
    0.03143034473987833,
    0.031270083389149425,
    0.03130485651588437,
    0.03140146168128663,
    0.03137394102381927,
    0.031315978746767996,
    0.03130889849100904,
    0.03137784555213033,
    0.031358894595947484,
    0.031260258756846425,
    0.03131188592972087,
    0.03136156134154751,
    0.03125108734708016,
    0.031191113283745145,
    0.03113649803698568,
    0.031231143090356326,
    0.031254048435226764,
    0.03119576146543093,
    0.031231079728058095,
    0.031106390000193062,
    0.03110851817556539,
    0.031047626210964324,
    0.031084484361750667,
    0.031135131722726837,
    0.031102657275200826,
    0.03104659551866551,
    0.031089071493720196,
    0.031055855240277215,
    0.03110581294497426,
    0.03105247152458175,
    0.03110281052427827,
    0.031090945724270663,
    0.03104534916580243,
    0.031063667751514135,
    0.03111640328504039,
    0.031034226472162602
  ],
  "val_loss": [
    0.027291622188617318,
    0.026615547582411907,
    0.027123481200206287,
    0.025895995059865416,
    0.026139386935721494,
    0.026186753690654173,
    0.025404740834058078,
    0.025407041669571084,
    0.02526871789826762,
    0.025317003939785792,
    0.02549221348460128,
    0.025584603341642073,
    0.02579953982255393,
    0.02548128101819831,
    0.02563784365101151,
    0.024912965280505003,
    0.02529744429077399,
    0.024778733296591707,
    0.025249419022666215,
    0.024720815670456166,
    0.024916980286907683,
    0.024631475282571445,
    0.024582457630268638,
    0.025096976203321637,
    0.024650436645395842,
    0.024773893108926866,
    0.024598655591487193,
    0.0254413034271589,
    0.024734878539833874,
    0.024727954256947158,
    0.02473096596485424,
    0.025103698844865033,
    0.025033721909225374,
    0.024660674993569495,
    0.024510998744089116,
    0.024618195687219284,
    0.02460558500724274,
    0.024719113732094775,
    0.02447669383073154,
    0.024568452568842748,
    0.024615442042410514,
    0.02495705919120245,
    0.024496858231961842,
    0.024666969137156235,
    0.024524058751221003,
    0.02472300180538681,
    0.024593015760969117,
    0.024809668996587902,
    0.02456409037312317,
    0.024453653106063542,
    0.02473170263630655,
    0.024700270526495996,
    0.024556620288049058,
    0.024395479096949207,
    0.024540124158469838,
    0.024580935902566034,
    0.024581372172586696,
    0.024708227175714574,
    0.0247254265885692,
    0.024414802303441042,
    0.024533699857658176,
    0.024612834066077678,
    0.02457201235268475,
    0.024498925805279792,
    0.024480929609672557,
    0.024458388790494865,
    0.02446130458300169,
    0.024454027280074158,
    0.024365246198300595,
    0.024458314420732048,
    0.024377785142078435,
    0.024391551243655586,
    0.024446056669405258,
    0.02440189349117526,
    0.024404170472642553,
    0.02441530789156887,
    0.024397880016386,
    0.02445757858491509,
    0.024386518003448338,
    0.024563015459071132,
    0.024489799484800265,
    0.02441343194888648,
    0.024390707335189086,
    0.024429003797654374
  ],
  "rmse": [
    0.1652017671682079,
    0.16314271977708047,
    0.1646920738001298,
    0.160922323363165,
    0.1616768006267263,
    0.16182320971278763,
    0.15938864490590562,
    0.15939586680446052,
    0.15896136869575572,
    0.15911317383495152,
    0.1596628124092741,
    0.15995187628935792,
    0.1606223546173957,
    0.1596285686818405,
    0.1601182206291079,
    0.15783841279181984,
    0.15905169741665576,
    0.15741261438435117,
    0.15890064823213168,
    0.1572285468408692,
    0.1578511337164946,
    0.15694417532074434,
    0.15678793575196204,
    0.15842025479583913,
    0.15700457284655026,
    0.15739724863498689,
    0.15683958754799196,
    0.1595033035683596,
    0.15727326191240548,
    0.15725124354962428,
    0.15726081996196498,
    0.1584414700005089,
    0.15822048445226902,
    0.15703717666563236,
    0.1565598931447688,
    0.1569018654122368,
    0.1568616696313482,
    0.15722313278911917,
    0.15645028629087818,
    0.1567432664215095,
    0.15689308626470433,
    0.15797803312884567,
    0.15651471840336076,
    0.15705721483928167,
    0.15660158774417818,
    0.157235494798253,
    0.15682160607745466,
    0.1575108499139028,
    0.15672934438355715,
    0.1563766383531981,
    0.1572631651169105,
    0.15716319258353792,
    0.15670551421009804,
    0.1561905211251506,
    0.1566528729337884,
    0.15678307674500236,
    0.1567844667452558,
    0.15718850569659268,
    0.15724321241656472,
    0.1562523662864798,
    0.15663236681889844,
    0.15688477559806444,
    0.1567546146712094,
    0.15652132318952253,
    0.15646382840200557,
    0.15639177685101047,
    0.15640110219854572,
    0.1563778354317577,
    0.15609370401551692,
    0.1563915446034581,
    0.1561338708386927,
    0.15617794521226866,
    0.15635234937706674,
    0.1562110494702437,
    0.15621834076577704,
    0.15625398153954248,
    0.15619820093809766,
    0.15638919233317078,
    0.15616183177567164,
    0.15672592161890037,
    0.15649217672796947,
    0.15624797938947693,
    0.15617524385277518,
    0.15629780157360493
  ],