{
    "rmse": 11.355513765175653,
    "mae": 4.705468654632568,
    "mape": 4737391.5,
    "r2": 0.9673907160758972,
    "nrmse": 0.04980144534348318
}