{
  "train_loss": 0.030674027664569586,
  "val_loss": 0.024410493182190025,
  "rmse": 0.156238567410879,
  "mae": 0.05605700612068176,
  "mape": 49.085567474365234,
  "r2": 0.9751455783843994,
  "nrmse": 0.04597253794651537
}