{
  "train_loss": 0.031686436510212385,
  "val_loss": 0.025895330860077243,
  "rmse": 0.16092026303398188,
  "mae": 0.06519518792629242,
  "mape": 48.51396942138672,
  "r2": 0.9736337065696716,
  "nrmse": 0.04735010709127793
}