{
    "rmse": 12.970341228622864,
    "mae": 6.090577125549316,
    "mape": 435206.0625,
    "r2": 0.9574567675590515,
    "nrmse": 0.056883528998764595
}