{
    "rmse": 10.976014082162793,
    "mae": 4.228737831115723,
    "mape": 4812747.5,
    "r2": 0.9695338606834412,
    "nrmse": 0.04813708800023427
}