{
  "train_loss": 0.03095330266411085,
  "val_loss": 0.024514224425781227,
  "rmse": 0.15657018994768687,
  "mae": 0.05507160723209381,
  "mape": 49.01409149169922,
  "r2": 0.9750399589538574,
  "nrmse": 0.04607011647600372
}