{
  "train_loss": 0.035216835037032324,
  "val_loss": 0.02909940074413508,
  "rmse": 0.1705854601773659,
  "mae": 0.07432159036397934,
  "mape": 59.873897552490234,
  "r2": 0.9703713655471802,
  "nrmse": 0.0501940504901332
}