{
  "train_loss": [
    0.04967308775677111,
    0.03754232475905304,
    0.036322451199013936,
    0.03575079348625829,
    0.035473484054613626,
    0.03486953648756303,
    0.03458464245539562,
    0.03453394161081797,
    0.03428144800859567,
    0.034215658975062284,
    0.03411271048120429,
    0.034179990429115,
    0.03402992673301981,
    0.03395814543594256,
    0.03383023919977269,
    0.033867695182605836,
    0.03371895873974613,
    0.03307863509059844,
    0.03301422341089784,
    0.032798589534015966,
    0.03277167663685106,
    0.03266931909650483,
    0.032700565826182144,
    0.03236285643275644,
    0.032190315196615714,
    0.03215755839448051
  ],
  "val_loss": [
    0.027568100299312538,
    0.027209979550914386,
    0.02832846742305961,
    0.02966930489821281,
    0.026866181575031553,
    0.027265800883097796,
    0.02593354035504861,
    0.026918954073715824,
    0.031905643309832726,
    0.026921525119246982,
    0.025558152768972383,
    0.027730798310631972,
    0.025814052599762386,
    0.02822185260572,
    0.025870268353430433,
    0.031137276257528775,
    0.03286685845375207,
    0.02642466083353281,
    0.026859497063565767,
    0.02675782687681505,
    0.026325087913788438,
    0.034985494762260816,
    0.02587400371769573,
    0.027168026448714844,
    0.025967912834344242,
    0.03120623613736885
  ],
  "rmse": [
    0.16603644184422112,
    0.16495447982191233,
    0.16831062699801025,
    0.17224780204592824,
    0.16390906834247573,
    0.16512359057127432,
    0.1610389378221059,
    0.1640699646023648,
    0.1786215094605034,
    0.1640777978122792,
    0.15986916933768636,
    0.16652566314577252,
    0.16066752214182578,
    0.1679936046841263,
    0.16084237365956464,
    0.17645757160919362,
    0.18129218942336991,
    0.16255664021726296,
    0.1638886688847421,
    0.16357819281917443,
    0.1622500785649643,
    0.1870440960538167,
    0.1608539827544448,
    0.16482725603288811,
    0.1611456201260551,
    0.1766528666327656
  ],
  "mae": [
    0.07170158624649048,
    0.06717430800199509,
    0.07347879558801651,
    0.08383335173130035,
    0.06792426854372025,
    0.06938876211643219,
    0.059632185846567154,
    0.0679696723818779,
    0.09299890697002411,
    0.06716801226139069,
    0.05830634385347366,
    0.07559555768966675,
    0.06294834613800049,
    0.07328224927186966,
    0.06861960142850876,
    0.11054953187704086,
    0.09549546986818314,
    0.06585798412561417,
    0.07000735402107239,
    0.07002969086170197,
    0.06716445833444595,
    0.1082736998796463,
    0.06142482906579971,
    0.07084856927394867,
    0.06396398693323135,
    0.09021640568971634
  ],
  "mape": [
    58.884437561035156,
    50.89219284057617,
    54.11279296875,
    55.81913757324219,
    55.143375396728516,
    54.90437316894531,
    55.913753509521484,
    53.46604537963867,
    51.84054946899414,
    57.136940002441406,
    49.82460021972656,
    55.71528625488281,
    58.14011001586914,
    54.251075744628906,
    54.97805404663086,
    54.74921417236328,
    52.923030853271484,
    52.94197082519531,
    51.156681060791016,
    49.768131256103516,
    50.309268951416016,
    52.9744758605957,
    50.518531799316406,
    49.10719680786133,
    49.318538665771484,
    51.47529983520508
  ],
  "r2": [
    0.9719305634498596,
    0.9722951650619507,
    0.9711563587188721,
    0.9697911143302917,
    0.9726452231407166,
    0.9722383618354797,
    0.9735948443412781,
    0.9725915193557739,
    0.9675140976905823,
    0.9725888967514038,
    0.9739770293235779,
    0.971764862537384,
    0.9737164974212646,
    0.9712648987770081,
    0.9736592769622803,
    0.968296468257904,
    0.9665353894233704,
    0.9730947613716125,
    0.972652018070221,
    0.9727555513381958,
    0.9731961488723755,
    0.9643782377243042,
    0.9736554622650146,
    0.9723379015922546,
    0.9735598564147949,
    0.9682262539863586
  ],
  "nrmse": [
    0.04885552107703433,
    0.048537158326072395,
    0.04952469044419209,
    0.05068318755724153,
    0.04822955041782953,
    0.04858691844913959,
    0.04738502664597392,
    0.0482768934620969,
    0.0525586240184961,
    0.04827919835099854,
    0.04704082721474647,
    0.048999472376783954,
    0.04727573915224834,
    0.04943140796857521,
    0.04732718847214076,
    0.051921894454011415,
    0.0533444603070035,
    0.04783160415951054,
    0.04822354796363216,
    0.04813219169390742,
    0.047741399689341636,
    0.05503693451625317,
    0.04733060439923064,
    0.048499723264003286,
    0.04741641746290088,
    0.05197935918906827
  ]
}