{
  "train_loss": [
    0.05519660752197323,
    0.043692785397142636,
    0.04265080747346267,
    0.04211596377591878,
    0.041866947563300165,
    0.04135836874884462,
    0.04084644596400942,
    0.04061778909211002,
    0.04036536104973334,
    0.04034350594791661,
    0.040180305139181374,
    0.04013650173002121,
    0.04001100098555154,
    0.039809605740185994,
    0.038999555312597335,
    0.03891149175360108,
    0.03883223071920906,
    0.03875971753600751,
    0.038750691307150316,
    0.03867777289464005,
    0.03823584286761053,
    0.03793849901765074,
    0.03794537739034857
  ],
  "val_loss": [
    0.03155094489853338,
    0.029996584622330694,
    0.029062173006090687,
    0.029743767015711655,
    0.029468079391532485,
    0.03793842312531533,
    0.02997488222992805,
    0.0286039020542632,
    0.042035279164149196,
    0.03283669678124235,
    0.03296888779779306,
    0.030731671508900965,
    0.03251267172098611,
    0.032631619145225436,
    0.029751239558073215,
    0.03057928917711178,
    0.029605197734633715,
    0.028788473720557015,
    0.030549300366412405,
    0.03593633050623054,
    0.02988621954772555,
    0.03202235388201189,
    0.03072177052959168
  ],
  "rmse": [
    0.17762585355592508,
    0.17319521713443492,
    0.17047631037176736,
    0.1724638118914775,
    0.17166269259478473,
    0.19477788235516244,
    0.1731325495017191,
    0.16912687611367513,
    0.20502506659645867,
    0.18120898983125172,
    0.18157337338360932,
    0.1753045080950647,
    0.18031270683316378,
    0.18064223492705703,
    0.17248547574934434,
    0.17486934957687458,
    0.17206160753900637,
    0.16967166368341535,
    0.17478357752343726,
    0.18956879889314124,
    0.1728763077690573,
    0.17894790655861056,
    0.17527626404290825
  ],
  "mae": [
    0.08749008178710938,
    0.08167991042137146,
    0.07191494107246399,
    0.07554469257593155,
    0.07978562265634537,
    0.11813613027334213,
    0.08493194729089737,
    0.07543764263391495,
    0.12894926965236664,
    0.0844941958785057,
    0.08806516230106354,
    0.0793498158454895,
    0.09985599666833878,
    0.09511401504278183,
    0.07730531692504883,
    0.08420798182487488,
    0.07886038720607758,
    0.07693295925855637,
    0.0791565477848053,
    0.10566743463277817,
    0.07776991277933121,
    0.09495458751916885,
    0.08271842449903488
  ],
  "mape": [
    59.855873107910156,
    60.83992004394531,
    60.18147277832031,
    59.64558029174805,
    65.46284484863281,
    56.00325012207031,
    62.21637725830078,
    61.38113021850586,
    59.12932205200195,
    61.117218017578125,
    57.285491943359375,
    60.56020736694336,
    57.5474739074707,
    58.22275161743164,
    62.23188781738281,
    60.68403625488281,
    56.56834411621094,
    60.723323822021484,
    60.284297943115234,
    55.97257614135742,
    56.583702087402344,
    52.75570297241211,
    55.323184967041016
  ],
  "r2": [
    0.9678752422332764,
    0.9694578647613525,
    0.9704092741012573,
    0.9697152972221375,
    0.9699959754943848,
    0.9613716006278992,
    0.9694799780845642,
    0.9708759188652039,
    0.957200288772583,
    0.9665661454200745,
    0.9664314985275269,
    0.968709409236908,
    0.9668960571289062,
    0.9667749404907227,
    0.969707727432251,
    0.9688645601272583,
    0.9698563814163208,
    0.970687985420227,
    0.9688951373100281,
    0.9634101390838623,
    0.9695702791213989,
    0.9673953056335449,
    0.9687195420265198
  ],
  "nrmse": [
    0.05226565647780863,
    0.05096196044174278,
    0.05016193362127753,
    0.050746747541091215,
    0.05051102157485114,
    0.057312568440070766,
    0.05094352075574982,
    0.04976486829570188,
    0.060327759082078165,
    0.053319979178757304,
    0.053427197498570694,
    0.05158261038967006,
    0.05305625169569575,
    0.053153213944210936,
    0.050753122039682415,
    0.051454566835368684,
    0.050628400610735626,
    0.049925169734954124,
    0.05142932877125467,
    0.05577981765329121,
    0.05086812270920159,
    0.05265466498473783,
    0.051574299696727575
  ]
}