{
    "rmse": 11.111815794745144,
    "mae": 4.621337413787842,
    "mape": 4870695.5,
    "r2": 0.9687753319740295,
    "nrmse": 0.048732668412233074
}