{
  "train_loss": 0.03293741645522866,
  "val_loss": 0.029330994785477415,
  "rmse": 0.17126294092372585,
  "mae": 0.07521185278892517,
  "mape": 53.174095153808594,
  "r2": 0.9701355695724487,
  "nrmse": 0.050393396335632154
}