{
  "train_loss": [
    0.048177788184326845,
    0.03594033960066055,
    0.03502761175612666,
    0.03458480880578703,
    0.034335264526269414,
    0.03395353315761905,
    0.033673253307656095,
    0.03360133802440503,
    0.03342810935685991,
    0.03329433227083743,
    0.033352176502753614,
    0.03314678413101648,
    0.0329859675612082,
    0.03293161991760257,
    0.032817842238752955,
    0.032679476483116254,
    0.0326136145474868,
    0.032724883245068954,
    0.03253073874950708,
    0.03254275623801706,
    0.032472889469457734,
    0.032423664594032765,
    0.03245046956512998,
    0.032344054463935644,
    0.03226992945202136,
    0.03235895626760663,
    0.03223529414478094,
    0.03228205964164868,
    0.03209819684979144,
    0.03207150342362049,
    0.031983061655225596,
    0.03197636902808311,
    0.031973704718442734,
    0.03193578170441846,
    0.031927865166479774,
    0.03189894754389494,
    0.03185791876324828,
    0.03187883074420573,
    0.031874407873560245,
    0.03183722136444952,
    0.03180838200563386,
    0.03134180811342733,
    0.031397622040808544,
    0.03139331354049597,
    0.03125417276515933,
    0.031243518743879466,
    0.03131774759095438,
    0.03127276435222768,
    0.031240541917885608,
    0.031143528306312653,
    0.0311784967118462,
    0.030871166682648082,
    0.030890177733908945,
    0.03079292897498378,
    0.030793342998368813,
    0.030816966649536464,
    0.030747637632174123,
    0.03061367958286996,
    0.03049656607131142,
    0.030551503594869203
  ],
  "val_loss": [
    0.028097200807714745,
    0.026551856170692167,
    0.02675753530051397,
    0.026057289965445214,
    0.026009786705951807,
    0.026681413875638986,
    0.02541466812016537,
    0.025584266477777725,
    0.0257357979052017,
    0.026970925556710688,
    0.02548290557169637,
    0.025459255339023885,
    0.025406891832711526,
    0.025336700836973057,
    0.025387142763360245,
    0.0253815740667914,
    0.02541639780604844,
    0.0258154553151926,
    0.025037957383558677,
    0.02590590478400146,
    0.025410996303592795,
    0.024884066744515713,
    0.024983839738326605,
    0.024831238768159267,
    0.024936962479572018,
    0.025017009015321,
    0.024827086763137357,
    0.025031634679432414,
    0.025590118081700308,
    0.024808927530375204,
    0.024944427129681992,
    0.024842348428523297,
    0.024835486243401234,
    0.02526201101941432,
    0.024616901442553407,
    0.025133252322689745,
    0.025235048437669168,
    0.024981978523396734,
    0.02586600414018241,
    0.024782221606959528,
    0.025256866183449116,
    0.024834452001780565,
    0.02456188958837715,
    0.024728198926166383,
    0.024506474088584834,
    0.024910299527208673,
    0.02533587377535647,
    0.02478013357610452,
    0.024886692899321796,
    0.02481387659622267,
    0.02474068023153046,
    0.025059588372286636,
    0.02480614703337168,
    0.024684316844519515,
    0.02470126667359168,
    0.024955297935333725,
    0.02480397026769758,
    0.024814087558171573,
    0.024779343933967708,
    0.024904004348113084
  ],
  "rmse": [
    0.16762219207518336,
    0.1629474017222435,
    0.1635773046401723,
    0.16142270569314807,
    0.16127549414405995,
    0.16334445815939078,
    0.15941978554616823,
    0.159950822410246,
    0.1604238054670797,
    0.16422827043348864,
    0.15963365611920063,
    0.15955956888625816,
    0.15939539353471993,
    0.15917506533037692,
    0.1593334298054584,
    0.15931594610060096,
    0.15942520678451308,
    0.16067188111286398,
    0.15823387506480782,
    0.16095311519643882,
    0.15940827648727116,
    0.15774685207141503,
    0.15806277254057738,
    0.15757930470537085,
    0.1579144103940437,
    0.15816765846843234,
    0.15756613035608405,
    0.15821389173439723,
    0.15996911001230138,
    0.15750849662107316,
    0.15793804637216638,
    0.15761456091487366,
    0.15759279116653355,
    0.15894026976334727,
    0.15689773410988384,
    0.15853470327931315,
    0.15885542975898082,
    0.15805688621730538,
    0.16082911336897707,
    0.15742369548984977,
    0.15892408479064282,
    0.15758950535158006,
    0.15672232644705864,
    0.15725201939694702,
    0.15654543126882894,
    0.15782996897748022,
    0.1591724674951152,
    0.15741706940199912,
    0.157755170455539,
    0.15752420625412503,
    0.15729170095578088,
    0.15830219957679972,
    0.15749967441638718,
    0.15711242963988262,
    0.15716636879704965,
    0.15797245610848584,
    0.1574927617672905,
    0.15752488024924552,
    0.15741455496530612,
    0.1578100230239764
  ],
  "mae": [
    0.0677051991224289,
    0.06124289333820343,
    0.06285327672958374,
    0.05895589664578438,
    0.056099485605955124,
    0.07587877660989761,
    0.05583510920405388,
    0.059327609837055206,
    0.05778045952320099,
    0.06790792942047119,
    0.056824538856744766,
    0.057810064405202866,
    0.06128202751278877,
    0.05573706701397896,
    0.0561128668487072,
    0.06191772595047951,
    0.059328343719244,
    0.0645969957113266,
    0.05563797429203987,
    0.06346294283866882,
    0.0650433599948883,
    0.0558210164308548,
    0.055254559963941574,
    0.05939628556370735,
    0.056721944361925125,
    0.06136674806475639,
    0.05612983554601669,
    0.05554262548685074,
    0.06797382235527039,
    0.058070600032806396,
    0.06092783436179161,
    0.05804528668522835,
    0.056717388331890106,
    0.060535769909620285,
    0.05408665910363197,
    0.058193009346723557,
    0.061699677258729935,
    0.057325150817632675,
    0.06298470497131348,
    0.0554678775370121,
    0.059896063059568405,
    0.057407185435295105,
    0.057638656347990036,
    0.05483419448137283,
    0.0535987988114357,
    0.055867016315460205,
    0.05996285751461983,
    0.056073419749736786,
    0.06001972034573555,
    0.059643153101205826,
    0.05847935006022453,
    0.05824301391839981,
    0.05789326876401901,
    0.05367198586463928,
    0.05623617395758629,
    0.05553974211215973,
    0.05477027967572212,
    0.055251412093639374,
    0.055039919912815094,
    0.05582145228981972
  ],
  "mape": [
    54.529178619384766,
    58.6301383972168,
    58.77421951293945,
    56.750152587890625,
    60.01637649536133,
    56.6032829284668,
    55.96302795410156,
    56.475852966308594,
    50.745018005371094,
    57.139068603515625,
    54.88399124145508,
    53.96462631225586,
    52.204185485839844,
    57.961910247802734,
    50.48503875732422,
    55.527645111083984,
    53.29609680175781,
    54.271793365478516,
    50.9645881652832,
    55.95643615722656,
    53.34345626831055,
    57.134212493896484,
    50.24777603149414,
    54.17063903808594,
    54.1765022277832,
    53.90743637084961,
    51.17300796508789,
    51.52567672729492,
    52.709041595458984,
    51.702571868896484,
    53.6694221496582,
    53.275848388671875,
    50.501834869384766,
    50.8181266784668,
    49.77552795410156,
    54.45516586303711,
    50.06167221069336,
    48.25752258300781,
    49.123165130615234,
    54.717063903808594,
    49.460811614990234,
    51.03173065185547,
    50.05009841918945,
    50.447227478027344,
    49.95595932006836,
    54.34781265258789,
    52.786529541015625,
    52.48974609375,
    51.890933990478516,
    49.593265533447266,
    50.334747314453125,
    51.7258415222168,
    51.687652587890625,
    51.969207763671875,
    50.470542907714844,
    52.472721099853516,
    49.413063049316406,
    50.2145881652832,
    49.25743103027344,
    50.55531311035156
  ],