{
    "rmse": 10.982370988733702,
    "mae": 4.288686752319336,
    "mape": 4924225.5,
    "r2": 0.9694985747337341,
    "nrmse": 0.04816496724389436
}