{
    "rmse": 12.41008801031758,
    "mae": 5.8213210105896,
    "mape": 437722.375,
    "r2": 0.961052656173706,
    "nrmse": 0.05442644790672739
}