{
    "rmse": 7.101390337142368,
    "mae": 3.0252203941345215,
    "mape": 3209667.5,
    "r2": 0.9872469305992126,
    "nrmse": 0.031144297831993746
}