{
    "rmse": 11.244258517544631,
    "mae": 4.505115032196045,
    "mape": 4657918.0,
    "r2": 0.9680265188217163,
    "nrmse": 0.049313517430343415
}