{
  "train_loss": 0.030502781220697005,
  "val_loss": 0.02488117871979306,
  "rmse": 0.1577376830390384,
  "mae": 0.05659647285938263,
  "mape": 49.31084060668945,
  "r2": 0.9746663570404053,
  "nrmse": 0.04641364638244035
}