{
  "train_loss": 0.03556226840194853,
  "val_loss": 0.029768746370694828,
  "rmse": 0.17253622288922527,
  "mae": 0.07649477571249008,
  "mape": 53.54887390136719,
  "r2": 0.9696898460388184,
  "nrmse": 0.05076805417105378
}