{
  "rmse": 11.416882218231077,
  "mae": 5.000912666320801,
  "mape": 4704754.5,
  "r2": 0.9670372605323792,
  "nrmse": 0.050070586636766314
}