{
  "train_loss": 0.01721741992231003,
  "val_loss": 0.012472450080885357,
  "rmse": 0.11168012268018979,
  "mae": 0.05574055388569832,
  "mape": 25.617233276367188,
  "r2": 0.9873006939888,
  "nrmse": 0.03286140395978194
}