{
  "train_loss": 0.03622190988348728,
  "val_loss": 0.03074555999709634,
  "rmse": 0.17534411435997865,
  "mae": 0.08587200194597244,
  "mape": 55.03844451904297,
  "r2": 0.9686952829360962,
  "nrmse": 0.051594264365681555
}