{
    "rmse": 7.142328705995155,
    "mae": 2.968820571899414,
    "mape": 3306120.25,
    "r2": 0.9870994687080383,
    "nrmse": 0.03132383968109315
}