{
    "rmse": 12.754945282140204,
    "mae": 6.095699787139893,
    "mape": 439223.09375,
    "r2": 0.9588580131530762,
    "nrmse": 0.05593887524201346
}