{
  "train_loss": [
    0.06684400513048792,
    0.046865403911056466,
    0.04361831274139909,
    0.0420285619717427,
    0.040367620930661,
    0.03985185725370581,
    0.039062736645070026,
    0.03841547953864086,
    0.03780316000630639,
    0.037404288682864995,
    0.03694465340751067,
    0.036739923532768184,
    0.03659657579107818,
    0.03608256741120514,
    0.03608619540594912,
    0.035794125317957934,
    0.03486832592585529,
    0.03482330282963582,
    0.03461118009545331,
    0.03437117713430515,
    0.034307757295885824,
    0.034262887018630526,
    0.033867853355639424,
    0.033772343506108124,
    0.03372938004672585
  ],
  "val_loss": [
    0.03314142748034035,
    0.030039345263668898,
    0.028852565046668326,
    0.029002679269302785,
    0.02998292288646328,
    0.027312735281864852,
    0.02728243641936729,
    0.028028125584558656,
    0.02943857978456914,
    0.026595489147534797,
    0.026898173573284175,
    0.02871876205483431,
    0.027721480611999402,
    0.02723144609367892,
    0.03210904546641815,
    0.032362388503995476,
    0.03283568150175082,
    0.03796302304747218,
    0.02889983815355941,
    0.02744419516889422,
    0.028085148965981698,
    0.027978770440662354,
    0.027848308331684248,
    0.026786658949178394,
    0.026784395690674943
  ],
  "rmse": [
    0.18204786936978107,
    0.17331862521258384,
    0.16986042314616065,
    0.17030172532672583,
    0.17315578090657194,
    0.16526565007774652,
    0.16517394947246514,
    0.16741602355621635,
    0.17157675051609758,
    0.16308123187740195,
    0.1640066267421424,
    0.16946610350479455,
    0.16649768627552408,
    0.165019525127702,
    0.1791899676104796,
    0.17989548794864735,
    0.18120618364562288,
    0.1948410160787565,
    0.16999952142662117,
    0.16566289567165435,
    0.16758624592913135,
    0.16726855781902472,
    0.16687812590618079,
    0.16366629784488912,
    0.16365938389348667
  ],
  "mae": [
    0.09030980616807938,
    0.07866556942462921,
    0.07575464993715286,
    0.06996332854032516,
    0.08227892965078354,
    0.06569933891296387,
    0.06170649453997612,
    0.0707647055387497,
    0.0758599191904068,
    0.06204553693532944,
    0.06872367858886719,
    0.07438935339450836,
    0.07330051064491272,
    0.06569316983222961,
    0.09265372902154922,
    0.09088780730962753,
    0.08752527832984924,
    0.09938426315784454,
    0.07450706511735916,
    0.06816976517438889,
    0.07906577736139297,
    0.07155808061361313,
    0.07048925757408142,
    0.06703321635723114,
    0.06995826959609985
  ],
  "mape": [
    65.68645477294922,
    64.12126922607422,
    56.350929260253906,
    57.0081901550293,
    56.364036560058594,
    58.25559616088867,
    56.62697982788086,
    57.69935989379883,
    55.426509857177734,
    54.66551971435547,
    59.07400131225586,
    57.1077880859375,
    57.28588104248047,
    56.42830276489258,
    57.004940032958984,
    54.81454086303711,
    59.17034912109375,
    53.20037078857422,
    54.40896224975586,
    53.852783203125,
    55.5450325012207,
    51.156925201416016,
    55.27043151855469,
    55.15557098388672,
    56.922786712646484
  ],
  "r2": [
    0.9662558436393738,
    0.9694143533706665,
    0.970622718334198,
    0.9704698920249939,
    0.96947181224823,
    0.9721905589103699,
    0.9722213745117188,
    0.9714621305465698,
    0.9700260162353516,
    0.972920835018158,
    0.9726126194000244,
    0.9707589745521545,
    0.9717743992805481,
    0.9722732901573181,
    0.9673070311546326,
    0.9670490622520447,
    0.9665671586990356,
    0.9613465666770935,
    0.9705745577812195,
    0.9720566868782043,
    0.9714040756225586,
    0.9715123772621155,
    0.9716452360153198,
    0.9727261662483215,
    0.9727284908294678
  ],
  "nrmse": [
    0.0535668159365226,
    0.05099827274701814,
    0.049980711408867465,
    0.05011056270984976,
    0.05095035649841469,
    0.0486287188583483,
    0.04860173634291771,
    0.04926145716346956,
    0.050485733481526164,
    0.04798596303774284,
    0.048258256564493576,
    0.04986468452142112,
    0.048991240300988365,
    0.04855629763231548,
    0.05272589042591303,
    0.05293348680276126,
    0.053319153470499446,
    0.0573311452713342,
    0.05002164048984111,
    0.04874560669496028,
    0.04931154437706773,
    0.04921806599372704,
    0.04910318305396259,
    0.04815811622525118,
    0.048156081824280425
  ]
}