{
    "rmse": 10.992859343363252,
    "mae": 4.34829568862915,
    "mape": 4748699.0,
    "r2": 0.9694402813911438,
    "nrmse": 0.04821096562235861
}