{
    "rmse": 12.967392742418687,
    "mae": 6.285518646240234,
    "mape": 427052.25,
    "r2": 0.9574760794639587,
    "nrmse": 0.0568705979356922
}