{
    "rmse": 11.166828514937947,
    "mae": 4.538365840911865,
    "mape": 4695223.0,
    "r2": 0.9684653878211975,
    "nrmse": 0.04897393560934398
}