{
  "train_loss": [
    0.045826549854966196,
    0.036726049772243176,
    0.035192996865504735,
    0.03444381988834254,
    0.034004994798603236,
    0.03367598427490162,
    0.0334018285689328,
    0.03322397093216735,
    0.03312286173280528,
    0.033009384303812804,
    0.03284478617762233,
    0.03276995773820057,
    0.032741524332892985,
    0.032690826967589674,
    0.03262877167698426,
    0.03257620493705306,
    0.03248018702223371,
    0.032411361569821925,
    0.03238400200343797,
    0.03237866755936822,
    0.03233610289211355,
    0.032245692494980674,
    0.032326907326511785,
    0.03185534571144998,
    0.0317357551755094,
    0.03169026570465427,
    0.031708935457133366,
    0.03169007494069112,
    0.03164715695363475,
    0.03163025970973284,
    0.031342784573795315,
    0.031460738143951485,
    0.031363425111284024,
    0.03136363655379668,
    0.03127131474254285,
    0.031237366825740808,
    0.031249891293899257,
    0.03128327039549835,
    0.03127758665992588,
    0.03124380738633362,
    0.03125305851617122,
    0.031121645900261653,
    0.03106750293400961,
    0.031047743234936344,
    0.031022432181515555,
    0.03098580271458215,
    0.03100670190343918,
    0.03101735317612868,
    0.030932104937216928,
    0.03090392025887881,
    0.030879607196958397,
    0.030876447846957294,
    0.0308237047460673,
    0.03088856541935916,
    0.030876402827935415,
    0.030784406516157055,
    0.030856152823614185,
    0.030778372174582104,
    0.03084574451941016,
    0.03084760566132615,
    0.030804149322410976,
    0.03085981139259034,
    0.03077692374801601,
    0.030786494491860404,
    0.030829144711309327,
    0.030812861040848537,
    0.03081839676710777,
    0.03075477730593265,
    0.03080429229895831,
    0.030823651168293924,
    0.030799738323389347
  ],
  "val_loss": [
    0.027848011199817575,
    0.02672383917669355,
    0.0263449251006582,
    0.025948174310913764,
    0.026012085046298872,
    0.02661519492180295,
    0.025777233487814497,
    0.025628080073490205,
    0.025443519337340872,
    0.02536490596984271,
    0.025252006494419905,
    0.02531187187867943,
    0.02519045043751036,
    0.0270477210567263,
    0.02540428908667769,
    0.025398474275974702,
    0.025169140576398154,
    0.026436876680560925,
    0.02528658732084721,
    0.025287217897516184,
    0.025196078234674138,
    0.025669693662615567,
    0.025504786581599104,
    0.024659739258691908,
    0.025282220253724202,
    0.025329765468114215,
    0.02477831616736102,
    0.025019493100516568,
    0.025052997591742794,
    0.02508811285311216,
    0.02477069918186789,
    0.025293034234702843,
    0.02476495521039283,
    0.024643858381521486,
    0.02460840011467803,
    0.024676748681729654,
    0.024680861740164383,
    0.024788214141701043,
    0.024656769440988362,
    0.024616433590993504,
    0.024731015760681672,
    0.02443943520063218,
    0.02446704384624582,
    0.02449552051699127,
    0.02455886392102501,
    0.024439308077196364,
    0.024584493376717326,
    0.024610259844791742,
    0.024578300833744897,
    0.02455972947846998,
    0.024457204224053536,
    0.024516951210642336,
    0.024452122477659904,
    0.02451671875891191,
    0.024505949793328624,
    0.02442304851265639,
    0.024487895865328378,
    0.02452260164284969,
    0.024454375169472915,
    0.024547826182463157,
    0.024511507074963003,
    0.02444958992637157,
    0.024490199462765695,
    0.024491134901668685,
    0.024555660413060898,
    0.02453172795345446,
    0.02453776099944262,
    0.024516646924781726,
    0.024472581750014426,
    0.024460841921775413,
    0.024492535670395894
  ],
  "rmse": [
    0.16687723296703855,
    0.16347428300879407,
    0.16231119278266437,
    0.16108437012264598,
    0.1612826257790033,
    0.1631416408411102,
    0.16055290020591104,
    0.16008772779810265,
    0.1595102458599532,
    0.15926362966206148,
    0.158908794864693,
    0.15909704742843397,
    0.15871500279982229,
    0.16446191555821632,
    0.15938722502813582,
    0.15936898753100887,
    0.15864784816678132,
    0.1625942080936874,
    0.1590175680709201,
    0.15901954763251638,
    0.1587327169787411,
    0.16021764555391013,
    0.15970217487107435,
    0.1570341876215425,
    0.15900383930886672,
    0.15915327496597118,
    0.15741129501229623,
    0.15817550724233692,
    0.15828138346727624,
    0.1583922691884558,
    0.1573871006195646,
    0.1590378369132679,
    0.15736884437889087,
    0.15698362619937714,
    0.156870640517449,
    0.15708834336164393,
    0.15710143921441458,
    0.1574427321084437,
    0.15702473973305955,
    0.15689625013851827,
    0.15726097393785732,
    0.15633116640509553,
    0.1564194475716646,
    0.15651044001925565,
    0.1567126814712237,
    0.1563307553460367,
    0.1567944221133658,
    0.15687657728770074,
    0.15677468302003816,
    0.15671543299434587,
    0.15638798343113255,
    0.15657889203244502,
    0.1563717427425244,
    0.15657814853760538,
    0.15654375953022437,
    0.1562787506355227,
    0.15648608253907187,
    0.15659693705654282,
    0.15637894912348274,
    0.15667745414098905,
    0.1565615052250612,
    0.15636364856825397,
    0.15649344433705462,
    0.15649643180705344,
    0.15670245940713418,
    0.15662607591560887,
    0.15664533432043365,
    0.1565779225144744,
    0.15643714783469234,
    0.1563996194697346,
    0.15650091290512366
  ],
  "mae": [
    0.06146303936839104,
    0.06126914545893669,
    0.06494390219449997,
    0.05671801045536995,
    0.05723089352250099,
    0.06927958875894547,
    0.06504390388727188,
    0.05534784495830536,
    0.05704355239868164,
    0.05802413821220398,
    0.0561143159866333,
    0.061374519020318985,
    0.05718696117401123,
    0.06959868222475052,
    0.05892270430922508,
    0.06953120976686478,
    0.05643310025334358,
    0.06809623539447784,
    0.05959948152303696,
    0.05723642557859421,
    0.06013376638293266,
    0.06390023976564407,
    0.06698150932788849,
    0.056026168167591095,
    0.06340818107128143,
    0.06449031829833984,
    0.05923730507493019,
    0.06293477863073349,
    0.05619535222649574,
    0.06068872660398483,
    0.05766456946730614,
    0.05969906225800514,
    0.060823503881692886,
    0.05541874095797539,
    0.061147402971982956,
    0.058519016951322556,
    0.05782594159245491,
    0.0589572936296463,
    0.06166205555200577,
    0.05377146974205971,
    0.05525241792201996,
    0.05548075959086418,
    0.05415283888578415,
    0.055540408939123154,
    0.05590154230594635,
    0.05573304742574692,
    0.06058475747704506,
    0.05940214544534683,
    0.05665761977434158,
    0.058012694120407104,
    0.05822703242301941,
    0.058248601853847504,
    0.054530758410692215,
    0.05596445873379707,
    0.056056223809719086,
    0.05579954385757446,
    0.05728304386138916,
    0.05677763372659683,
    0.055077455937862396,
    0.05575837194919586,
    0.058680057525634766,
    0.056454792618751526,
    0.05695372819900513,
    0.05540671572089195,
    0.05752819404006004,
    0.057015351951122284,
    0.05793531984090805,
    0.056198619306087494,
    0.056127529591321945,
    0.05677800625562668,
    0.05650678649544716
  ],