{
  "train_loss": 0.03307429200488051,
  "val_loss": 0.03237109698287439,
  "rmse": 0.1799196940665466,
  "mae": 0.09255457669496536,
  "mape": 58.5247802734375,
  "r2": 0.9670401811599731,
  "nrmse": 0.05294060935061933
}