{
    "rmse": 7.776373503329251,
    "mae": 3.7661447525024414,
    "mape": 3457929.75,
    "r2": 0.9847073554992676,
    "nrmse": 0.03410454586248938
}