{
    "rmse": 13.110979420778232,
    "mae": 6.334451675415039,
    "mape": 445038.78125,
    "r2": 0.9565291404724121,
    "nrmse": 0.057500320534221605
}