{
  "train_loss": 0.030486512749709992,
  "val_loss": 0.024762712657939234,
  "rmse": 0.1573617247587006,
  "mae": 0.055911216884851456,
  "mape": 51.218502044677734,
  "r2": 0.9747869372367859,
  "nrmse": 0.046303022247852106
}