{
  "train_loss": 0.03515846537693862,
  "val_loss": 0.02881636429945006,
  "rmse": 0.16975383012738607,
  "mae": 0.07329294830560684,
  "mape": 62.882083892822266,
  "r2": 0.9706595540046692,
  "nrmse": 0.049949346863725666
}