{
  "train_loss": 0.014733728990349639,
  "val_loss": 0.007861148404111716,
  "rmse": 0.08866311315696647,
  "mae": 0.03548455610871315,
  "mape": 24.84055519104004,
  "r2": 0.9919958710670471,
  "nrmse": 0.026088746214278254
}