{
  "train_loss": [
    0.047024847424947336,
    0.03709706909851553,
    0.03568029655677526,
    0.034922291798885875,
    0.03457946769320804,
    0.03407434398198018,
    0.033497126931598224,
    0.033291180958350125,
    0.03293888723384628,
    0.03275808363492896,
    0.0326891300642566,
    0.032569333910982046,
    0.03242809949521029,
    0.032405973778977214,
    0.032310740444838074,
    0.03224388899187989,
    0.032145349395506506,
    0.03210641944718887,
    0.032005452807889564,
    0.03195701035162753,
    0.03187960394237642,
    0.03184597049967414,
    0.031892791430206006,
    0.031783878490692405,
    0.03176781218573184,
    0.031815099152839754,
    0.03164634359433312,
    0.031143619459021922,
    0.03109724162239442,
    0.031027239816173363,
    0.030933822639649538,
    0.030995570134486283,
    0.030947545193633047,
    0.030887479587052666,
    0.030942193319499534,
    0.030873218825540644,
    0.030909980675437546,
    0.03091633128005853,
    0.030845410484733656,
    0.03083373226677761,
    0.03077888149019315,
    0.030429986168743293,
    0.03050252438025673,
    0.030449293422038497,
    0.030397856316015374,
    0.03036717810099028,
    0.030490171147288303,
    0.03038520410753289,
    0.03018642508223251,
    0.03012068016302134,
    0.03014467021021546,
    0.030120281100308142,
    0.030165600386561915,
    0.030140384601586863,
    0.030005333622232972,
    0.030040492860902292,
    0.029995081605386487
  ],
  "val_loss": [
    0.028623964419900182,
    0.02792648479080004,
    0.02675161608306329,
    0.02741519670897087,
    0.027021067933909126,
    0.027892864002137013,
    0.025786656696468697,
    0.026124598402903144,
    0.025775568354937457,
    0.02686618386322397,
    0.027744785217910094,
    0.025485651514147365,
    0.02573609125244209,
    0.026431779564812,
    0.02550621744010092,
    0.02531995547917261,
    0.026629317270706308,
    0.025414442670699203,
    0.025695734496127498,
    0.025931462953898286,
    0.025312224680484597,
    0.025439833616631213,
    0.026986966539602815,
    0.02545659593813481,
    0.02558454489099158,
    0.025647887847420153,
    0.025422020869997102,
    0.025540768865876477,
    0.02545423957008468,
    0.025184803422027523,
    0.025106744828464745,
    0.025267366071778385,
    0.025135996093941466,
    0.0253721555080406,
    0.024697602961747032,
    0.024876738430337778,
    0.025412598505745457,
    0.02528773556649508,
    0.02608889435515491,
    0.025067067126348895,
    0.025606171803169996,
    0.024537363076872487,
    0.02465752568643756,
    0.025046847257554343,
    0.024705106697314527,
    0.02519973520578988,
    0.025715984262902513,
    0.024848348679379628,
    0.024677016956668338,
    0.025071393429235592,
    0.02476457926993143,
    0.025362790129256216,
    0.02473457225303487,
    0.024550815257856556,
    0.02457711403874443,
    0.024573024564460914,
    0.024549008189943176
  ],
  "rmse": [
    0.1691861778481705,
    0.1671121902282187,
    0.16355920978978677,
    0.16557535246115046,
    0.16438086025140633,
    0.16701156659922908,
    0.16058224337185972,
    0.16163105660240334,
    0.16054771427761225,
    0.16390907402442223,
    0.1665676587792781,
    0.15964226122044975,
    0.16042471691054302,
    0.16257852436036788,
    0.15970665932474756,
    0.1591224450470388,
    0.16318492398042297,
    0.15941907282655382,
    0.16029889453352378,
    0.16103249519328652,
    0.1590981537931178,
    0.15949869661598345,
    0.16427709532054402,
    0.1595512278337284,
    0.1599516957912183,
    0.16014957995597845,
    0.1594428420594361,
    0.15981479624924974,
    0.15954384368297178,
    0.15869719861536571,
    0.15845108027634636,
    0.1589571210103366,
    0.15854335040461184,
    0.15928638720259516,
    0.15715471249008628,
    0.15772361258585704,
    0.15941328916429875,
    0.15902116991758197,
    0.16152056076827664,
    0.1583258247215919,
    0.16001929265547735,
    0.15664406199501624,
    0.15702714179249563,
    0.15826195341279023,
    0.15717857528892937,
    0.15874423981526453,
    0.16036203584839498,
    0.15763359220805093,
    0.15708919708562785,
    0.15833948287085176,
    0.15736765483882822,
    0.15925699240815108,
    0.15727228483149366,
    0.1566870002400052,
    0.15677089886542522,
    0.15675785263369,
    0.1566812227202939
  ],
  "mae": [
    0.07473285496234894,
    0.07016246020793915,
    0.062431950122117996,
    0.07177198678255081,
    0.06246137619018555,
    0.07696186751127243,
    0.05833715572953224,
    0.057486653327941895,
    0.06105145066976547,
    0.06653665751218796,
    0.06734420359134674,
    0.056268855929374695,
    0.06233644112944603,
    0.061241161078214645,
    0.06065070629119873,
    0.06052238121628761,
    0.0668240487575531,
    0.0600803941488266,
    0.058645062148571014,
    0.061136968433856964,
    0.05964722856879234,
    0.057938992977142334,
    0.06749088317155838,
    0.059983424842357635,
    0.0622422993183136,
    0.06327853351831436,
    0.05958152934908867,
    0.059339817613363266,
    0.06344329565763474,
    0.05958124250173569,
    0.05841991305351257,
    0.0581626370549202,
    0.061390042304992676,
    0.06235665827989578,
    0.05581456050276756,
    0.05661322548985481,
    0.06067687273025513,
    0.06000495329499245,
    0.06273125857114792,
    0.05916028842329979,
    0.06175294518470764,
    0.05569411441683769,
    0.055189989507198334,
    0.057615894824266434,
    0.0586734302341938,
    0.056640997529029846,
    0.06242302432656288,
    0.05737121030688286,
    0.05668915435671806,
    0.061274025589227676,
    0.057633332908153534,
    0.06019895523786545,
    0.058110933750867844,
    0.05445939674973488,
    0.05470355227589607,
    0.05498994514346123,
    0.054729729890823364
  ],
  "mape": [
    64.6969223022461,
    56.68876266479492,
    53.25933837890625,
    52.3623046875,
    57.28899383544922,
    54.50429153442383,
    53.55262756347656,
    55.92749786376953,
    57.27043914794922,
    55.379432678222656,
    50.472076416015625,
    58.41386795043945,
    52.27942657470703,
    59.06208801269531,
    52.36101150512695,
    54.41122817993164,
    55.05476760864258,
    57.739784240722656,
    56.43933868408203,
    54.78004837036133,
    57.44800567626953,
    56.71652603149414,
    51.60065841674805,
    53.548675537109375,
    55.14476776123047,
    55.05173110961914,
    58.18595886230469,
    53.41035079956055,
    52.70806121826172,
    54.24317169189453,
    55.35283660888672,
    55.923824310302734,
    56.84518814086914,
    53.791748046875,
    54.798274993896484,
    54.31999969482422,
    55.407039642333984,
    52.52544403076172,
    50.47566223144531,
    52.433658599853516,
    49.93635177612305,
    53.38270568847656,
    52.79627990722656,
    55.53368377685547,
    52.428489685058594,
    55.41850280761719,
    50.00796890258789,
    52.27346420288086,
    53.38247299194336,
    51.18315887451172,
    52.27005386352539,
    52.94790267944336,
    54.08260726928711,
    55.059879302978516,
    53.51045227050781,
    53.60144805908203,
    52.66740417480469
  ],