{
  "train_loss": [
    0.048117527620001585,
    0.036931063220473945,
    0.035344963661206825,
    0.03463541745283197,
    0.034227438844589994,
    0.033931529929885795,
    0.033537116565737865,
    0.03329675082480398,
    0.03319883432409413,
    0.03309713411485705,
    0.0329486629002409,
    0.03287295581688364,
    0.03284937491995624,
    0.03272059995206981,
    0.0326858059305447,
    0.03257292920172025,
    0.03247037472733824,
    0.03259548164410287,
    0.032487994218199034,
    0.03240429811043231,
    0.03241574473361969,
    0.032390579964827554,
    0.03232704212144483,
    0.032273201201200225,
    0.032296464468844724,
    0.03227123451653985,
    0.031735458392337046,
    0.03178436967778898,
    0.031694763138907775,
    0.03172634759532445,
    0.03161983036988547,
    0.03175163365337104,
    0.03169078590320916,
    0.03169984918267712,
    0.03170476930987525,
    0.0316582626215155,
    0.03168200468588296,
    0.031635702300687144,
    0.031573530737286686,
    0.03159998251623633,
    0.031371025326606086,
    0.03132745323015853,
    0.03137192363057585,
    0.03129822785887598,
    0.03132744587820613,
    0.031281172198192646,
    0.03134823376788307,
    0.03130760585532227,
    0.031265804957698186,
    0.03133582693744761,
    0.03122176390222841,
    0.03127036713977079,
    0.031220147585957595,
    0.031303787535061495,
    0.03130119385751989,
    0.03110090131859567,
    0.031082863707747505,
    0.03104984972331555,
    0.031072515526438426,
    0.03103023578228269,
    0.03104431903860493,
    0.030923536122577037,
    0.03099504502958065,
    0.03095330266411085
  ],
  "val_loss": [
    0.02730710892478353,
    0.02664910874304319,
    0.02735929660932979,
    0.027167838195549597,
    0.026681862602509317,
    0.02614786172292916,
    0.025952556362521337,
    0.025375700052834474,
    0.02638992291432749,
    0.026081639030209002,
    0.025433438876810786,
    0.025322517844092087,
    0.025414624078383834,
    0.026176958287371165,
    0.025105144866774565,
    0.02579409208887191,
    0.026574467776366344,
    0.02640706986936712,
    0.025505173852173487,
    0.025020584603147544,
    0.025153092174706525,
    0.025268377142337987,
    0.025984050304894587,
    0.02511938995462797,
    0.02541617175572599,
    0.025302223837993746,
    0.025544898854950825,
    0.024676819751702807,
    0.02480917531735978,
    0.02537352417679795,
    0.024944288596703765,
    0.02506409409379959,
    0.024660002475900857,
    0.02465495551577264,
    0.024973054994862184,
    0.02473938316122652,
    0.0247328523422061,
    0.025561464828051276,
    0.025108259108256554,
    0.0253477968715819,
    0.02479687559434813,
    0.024759721712742364,
    0.02458701529179553,
    0.024588378291660738,
    0.024378821974540606,
    0.024706605217587347,
    0.02487832197661287,
    0.02448989097438534,
    0.024363615418039032,
    0.02468108983129733,
    0.024495020809579045,
    0.02458877378578658,
    0.024605197409938617,
    0.024926531044101946,
    0.024756762072626486,
    0.024533315847875742,
    0.024674132232761294,
    0.024398182175058215,
    0.02447295616523961,
    0.0244715858882258,
    0.024829607834541665,
    0.02454219738041744,
    0.024511845359393464,
    0.024514224425781227
  ],
  "rmse": [
    0.16524862494019224,
    0.1632455455948549,
    0.16540645584866234,
    0.16482669100244757,
    0.1633458322359831,
    0.16170300254997758,
    0.16109796783076002,
    0.15929751335715842,
    0.16244974941207624,
    0.1614981065235362,
    0.15947863818113675,
    0.1591304983888168,
    0.15941965118123877,
    0.16179295187429935,
    0.15844602540269925,
    0.16060538235216346,
    0.1630167671667449,
    0.16250251873521895,
    0.15970338784365928,
    0.1581789575178318,
    0.15859726681122052,
    0.15896029653207644,
    0.16119569071792503,
    0.15849097285339042,
    0.15942449993091307,
    0.15906672770009916,
    0.1598277153202318,
    0.1570885686503681,
    0.15750928893967053,
    0.15929068457458448,
    0.15793761001140777,
    0.15831644214913124,
    0.15703502977861025,
    0.1570189568466642,
    0.1580286535657387,
    0.1572875739716707,
    0.15726681898813152,
    0.1598795267937617,
    0.15845585286950536,
    0.15920991552062244,
    0.15747023589782005,
    0.15735221959325324,
    0.15680246435370968,
    0.1568068179203021,
    0.1561371872866184,
    0.1571833450439415,
    0.15772863156545286,
    0.15649246238725106,
    0.15608848926626004,
    0.1571021624483527,
    0.15650884526479972,
    0.1568080770466318,
    0.1568604346842861,
    0.1578813801474473,
    0.15734282039682143,
    0.15663114195583588,
    0.1570800193096379,
    0.15619916685057098,
    0.15643834445022864,
    0.1564339687220896,
    0.157574133210126,
    0.1566594956748741,
    0.15656259381601717,
    0.15657018994768687
  ],
  "mae": [
    0.06069883704185486,
    0.05794370546936989,
    0.07343817502260208,
    0.07459144294261932,
    0.059559740126132965,
    0.06665191799402237,
    0.06559223681688309,
    0.05768778920173645,
    0.07442305237054825,
    0.06725531071424484,
    0.06086636334657669,
    0.057712770998477936,
    0.06075152009725571,
    0.06623826175928116,
    0.05569788068532944,
    0.06464073807001114,
    0.06924961507320404,
    0.06384050846099854,
    0.05979079753160477,
    0.059521932154893875,
    0.06448880583047867,
    0.05996527150273323,
    0.068006731569767,
    0.05785785987973213,
    0.0683227926492691,
    0.0669984295964241,
    0.06152421236038208,
    0.05769776180386543,
    0.057504720985889435,
    0.06807415932416916,
    0.0638292208313942,
    0.06347687542438507,
    0.05922093987464905,
    0.05505867302417755,
    0.05746212974190712,
    0.05898110195994377,
    0.05476244166493416,
    0.06858401000499725,
    0.05854831263422966,
    0.06304488331079483,
    0.06279628723859787,
    0.05937989801168442,
    0.0618092305958271,
    0.05654054135084152,
    0.05401802435517311,
    0.06061575561761856,
    0.06105835735797882,
    0.05537574365735054,
    0.05744117870926857,
    0.0578446127474308,
    0.058615170419216156,
    0.05680212751030922,
    0.055568307638168335,
    0.061546314507722855,
    0.0586288757622242,
    0.05638590082526207,
    0.05728275328874588,
    0.05717165023088455,
    0.05467042699456215,
    0.05607609450817108,
    0.058370526880025864,
    0.056406475603580475,
    0.05521885305643082,
    0.05507160723209381
  ],