{
  "train_loss": [
    0.05128830589518262,
    0.03821637768640843,
    0.03601598879429071,
    0.03498056021201234,
    0.03453630272680275,
    0.034258411151299725,
    0.034090475623671415,
    0.033785952032904125,
    0.03368727475064542,
    0.03355166173281805,
    0.03347615367193445,
    0.033349085720783184,
    0.033337041405622825,
    0.03332971062836276,
    0.03321625613493785,
    0.03312794228938562,
    0.03242671524382824,
    0.03231475538370623,
    0.03228353765577528,
    0.03224205181085108,
    0.032249028044244676,
    0.03215361464942524,
    0.031765476215091876,
    0.03164985756052072,
    0.03164581662024775
  ],
  "val_loss": [
    0.027147010116459293,
    0.026704478813026757,
    0.025791072505128427,
    0.02595770594543538,
    0.02819520490491436,
    0.025895684909133115,
    0.030989387345787493,
    0.025469658783927325,
    0.0272773762003189,
    0.025202781270497843,
    0.03466384072483079,
    0.027642239491861457,
    0.027557012400711407,
    0.02938708864682474,
    0.029967331960799874,
    0.030724719713434864,
    0.0323259937475608,
    0.02606806572162085,
    0.02950567899939377,
    0.031149655557926436,
    0.02568341836321523,
    0.030723867391896167,
    0.02644334623236311,
    0.027353413097383057,
    0.028299488918739492
  ],
  "rmse": [
    0.16476349707613525,
    0.16341505135364073,
    0.16059598798021968,
    0.1611139575446006,
    0.1679142763831045,
    0.16092135686371503,
    0.1760380247029039,
    0.15959216426982567,
    0.1651586404120363,
    0.15875384349563165,
    0.186182279308073,
    0.166259552763636,
    0.16600304724226014,
    0.17142662170697862,
    0.17311074604476576,
    0.1752846803538623,
    0.1797943005160785,
    0.1614560728273788,
    0.17177217290316246,
    0.17649264493988265,
    0.16026046897565824,
    0.17528224689134186,
    0.1626140998567363,
    0.16538866811359557,
    0.16822451702184077
  ],
  "mae": [
    0.06953747570514679,
    0.06517712026834488,
    0.06503652036190033,
    0.06615883111953735,
    0.0728529542684555,
    0.06263270974159241,
    0.10202374309301376,
    0.06482121348381042,
    0.06985099613666534,
    0.05711407959461212,
    0.11274874210357666,
    0.07850584387779236,
    0.07449134439229965,
    0.08566813170909882,
    0.09041183441877365,
    0.08529607206583023,
    0.11067870259284973,
    0.0651189535856247,
    0.0791478306055069,
    0.10291805118322372,
    0.06310717761516571,
    0.08638735860586166,
    0.06757663935422897,
    0.07112297415733337,
    0.07514990121126175
  ],
  "mape": [
    58.56656265258789,
    54.31640625,
    55.927825927734375,
    56.916107177734375,
    56.771175384521484,
    57.090126037597656,
    52.95612716674805,
    55.96916580200195,
    54.54536819458008,
    53.428810119628906,
    55.85777282714844,
    56.26776123046875,
    58.38138961791992,
    52.141387939453125,
    54.449798583984375,
    53.65959548950195,
    54.92616271972656,
    52.79146957397461,
    52.45254135131836,
    55.80131530761719,
    48.502628326416016,
    52.84205627441406,
    54.22997283935547,
    52.344764709472656,
    50.574867248535156
  ],
  "r2": [
    0.972359299659729,
    0.9728098511695862,
    0.9737398624420166,
    0.9735702276229858,
    0.9712920188903809,
    0.973633348941803,
    0.9684470295906067,
    0.9740671515464783,
    0.9722265601158142,
    0.9743388891220093,
    0.964705765247345,
    0.9718550443649292,
    0.9719418287277222,
    0.9700784683227539,
    0.9694876670837402,
    0.9687165021896362,
    0.967086136341095,
    0.9734578728675842,
    0.969957709312439,
    0.9682838320732117,
    0.9738494753837585,
    0.9687173962593079,
    0.9730757474899292,
    0.972149133682251,
    0.9711858630180359
  ],
  "nrmse": [
    0.048480962460526106,
    0.04808418800737096,
    0.04725469052761355,
    0.04740710088216461,
    0.04940806595136785,
    0.04735042894605264,
    0.05179844455051208,
    0.04695931964459503,
    0.0485972317166071,
    0.04671264730087318,
    0.05478334858223438,
    0.04892117052184848,
    0.048845694856586325,
    0.050441558714127435,
    0.05093710518071759,
    0.05157677616064501,
    0.052903712828507844,
    0.047507766857795605,
    0.05054323569275236,
    0.05193221463329066,
    0.04715596547896143,
    0.05157606012458608,
    0.047848511415509214,
    0.04866491639532585,
    0.049499352947742735
  ]
}