{
  "train_loss": [
    0.06831271861304808,
    0.047226542647146465,
    0.04388531853873803,
    0.041862612556471716,
    0.0404421452565301,
    0.039410573675481064,
    0.03859371293696514,
    0.03794331984854379,
    0.03705921492555548,
    0.03675588555819668,
    0.035684901069949065,
    0.035256609222422026,
    0.03490723014620133,
    0.03488634450258008,
    0.034678956829826565,
    0.03466295859271151,
    0.03448363526117197,
    0.03442298367675308,
    0.03423312569988501,
    0.034211936453827196,
    0.03369123817413967,
    0.03361214739408119,
    0.033641326539243004,
    0.033591892188593736,
    0.033585522008288536,
    0.03343620330314869,
    0.03347342535740879,
    0.0335087506283134,
    0.03336208823468745,
    0.03341024204731632,
    0.03344892108264753,
    0.0331843502578578,
    0.03307751232138688,
    0.03305345614089276,
    0.033081067169287784,
    0.03304805064731044,
    0.03303809982170033,
    0.032978278570714975,
    0.03288781365647779,
    0.03293741645522866
  ],
  "val_loss": [
    0.03371281893792196,
    0.03014881509092969,
    0.030794146506464698,
    0.028277630935816124,
    0.039135099419863005,
    0.03194291838901696,
    0.030204232000422385,
    0.03172408136090699,
    0.03137945206778331,
    0.029020959135027596,
    0.032359678596762746,
    0.02906842627042992,
    0.03468553638178,
    0.027493334478050826,
    0.027981013141179022,
    0.032465086027118895,
    0.028189178999903412,
    0.03376217888148688,
    0.0297815430469473,
    0.031411462467571455,
    0.02907117348508083,
    0.030071471477089,
    0.028860120720862394,
    0.028177376646714457,
    0.02721945875983347,
    0.03001854696231318,
    0.029003063475379547,
    0.028899700944230104,
    0.03341050294906546,
    0.03417304815729727,
    0.028647575318392498,
    0.03210786168490932,
    0.029728892865746294,
    0.0290880718551342,
    0.02800615388871525,
    0.02801072060314502,
    0.030822824499809807,
    0.03285497383859535,
    0.027709351320943126,
    0.029330994785477415
  ],
  "rmse": [
    0.18361050955388028,
    0.17363413691149676,
    0.17548260220534062,
    0.1681595373043271,
    0.19782592027347207,
    0.17872581003141325,
    0.17379364464640334,
    0.17811254993228934,
    0.17714246762950875,
    0.1703553808545799,
    0.17988796040378838,
    0.17049464888299903,
    0.1862405359180636,
    0.16581113787680032,
    0.1672752613497169,
    0.18018070203889738,
    0.1678963327657988,
    0.18374486547873897,
    0.17257329125842547,
    0.17723278909986137,
    0.17050270584167349,
    0.1734112713286646,
    0.16988267117457367,
    0.16786118323346322,
    0.1649831982027013,
    0.1732586146482875,
    0.1703028573359985,
    0.16999912698255096,
    0.18278540549052263,
    0.18485952858156338,
    0.16925594129833207,
    0.17918666203132924,
    0.17242068666671737,
    0.1705522518647176,
    0.16735039044231495,
    0.16736403552466453,
    0.17556429826169248,
    0.181259411534593,
    0.16646125672327194,
    0.17126294092372585
  ],
  "mae": [
    0.09118203818798065,
    0.07474560290575027,
    0.08851315081119537,
    0.07053985446691513,
    0.10900051146745682,
    0.09147508442401886,
    0.08706527948379517,
    0.08998007327318192,
    0.0838378295302391,
    0.07449241727590561,
    0.08784020692110062,
    0.07498197257518768,
    0.09366317838430405,
    0.07050462812185287,
    0.06903035938739777,
    0.08447623997926712,
    0.07060747593641281,
    0.08959316462278366,
    0.07891429960727692,
    0.08265478163957596,
    0.07387393712997437,
    0.0769207552075386,
    0.07430248707532883,
    0.07456536591053009,
    0.06796389818191528,
    0.07654261589050293,
    0.0766126736998558,
    0.07733695954084396,
    0.09044818580150604,
    0.09608803689479828,
    0.07197724282741547,
    0.08611004799604416,
    0.07668114453554153,
    0.07372453063726425,
    0.07099632173776627,
    0.07063708454370499,
    0.08010480552911758,
    0.08719819039106369,
    0.0698833093047142,
    0.07521185278892517
  ],
  "mape": [
    58.20027542114258,
    57.456119537353516,
    62.56548309326172,
    60.01483917236328,
    68.41239166259766,
    62.348819732666016,
    57.176517486572266,
    64.4740982055664,
    69.3658676147461,
    55.48323440551758,
    56.579864501953125,
    55.852108001708984,
    64.44893646240234,
    56.37907409667969,
    53.47225570678711,
    52.93132781982422,
    55.98347854614258,
    55.175899505615234,
    53.476844787597656,
    55.828495025634766,
    54.704463958740234,
    52.58229446411133,
    55.023807525634766,
    55.939056396484375,
    58.18230056762695,
    52.220489501953125,
    56.333518981933594,
    54.581268310546875,
    56.32399368286133,
    58.06011962890625,
    56.351234436035156,
    58.124359130859375,
    54.18419647216797,
    53.50193786621094,
    53.99462127685547,
    56.83229446411133,
    55.11045455932617,
    58.03090286254883,
    53.2104377746582,
    53.174095153808594
  ],
  "r2": [
    0.9656740427017212,
    0.9693028926849365,
    0.9686458110809326,
    0.9712080955505371,
    0.9601531624794006,
    0.9674761891365051,
    0.9692464470863342,
    0.9676989912986755,
    0.9680498838424683,
    0.9704512357711792,
    0.9670518040657043,
    0.9704029560089111,
    0.9646836519241333,
    0.9720066785812378,
    0.971510112285614,
    0.9669445157051086,
    0.9712981581687927,
    0.9656237959861755,
    0.9696768522262573,
    0.9680172801017761,
    0.9704001545906067,
    0.9693816304206848,
    0.970615029335022,
    0.9713101983070374,
    0.9722855091094971,
    0.9694355130195618,
    0.9704694747924805,
    0.9705747365951538,
    0.9659819006919861,
    0.9652054905891418,
    0.9708314538002014,
    0.9673082232475281,
    0.9697304368019104,
    0.9703829288482666,
    0.9714845418930054,
    0.9714798927307129,
    0.9686166048049927,
    0.9665474891662598,
    0.9717867374420166,
    0.9701355695724487
  ],
  "nrmse": [
    0.05402661620447647,
    0.05109111073056607,
    0.05163501382870812,
    0.04948023294057258,
    0.05820944071164889,
    0.05258931402054525,
    0.051138045207227464,
    0.05240886482899631,
    0.05212342221252287,
    0.05012635062208672,
    0.05293127185450996,
    0.05016732965067956,
    0.05480049034343849,
    0.04878922633711577,
    0.049220038479293376,
    0.0530174098430463,
    0.04940278611783408,
    0.05406614986736306,
    0.05077896138198071,
    0.052149998923331095,
    0.050169700376707926,
    0.0510255334750042,
    0.04998725779717224,
    0.04939244351654249,
    0.04854560858820973,
    0.05098061489217459,
    0.05011089579879256,
    0.050021524426341,
    0.05378383282204325,
    0.05439413477301963,
    0.04980284518065124,
    0.05272491777322271,
    0.05073405812602174,
    0.0501842790845279,
    0.049242144897174614,
    0.049246159904970034,
    0.05165905254791143,
    0.05333481555180269,
    0.04898052105924774,
    0.050393396335632154
  ]
}