{
    "rmse": 11.018488518549104,
    "mae": 4.484390735626221,
    "mape": 4784217.5,
    "r2": 0.9692976474761963,
    "nrmse": 0.04832336652236289
}