{
  "train_loss": 0.030624309690013854,
  "val_loss": 0.024877484985886433,
  "rmse": 0.15772597447850248,
  "mae": 0.05559935048222542,
  "mape": 48.53018569946289,
  "r2": 0.9746701121330261,
  "nrmse": 0.046410201188001765
}