{
  "train_loss": [
    0.0500332501870949,
    0.03790350432028326,
    0.03651498525878781,
    0.03599895877537047,
    0.035567663387506054,
    0.03521688089835561,
    0.034591478772543705,
    0.03457818306350122,
    0.03433902925398905,
    0.03409410519614685,
    0.03411155416445657,
    0.03389907430785619,
    0.03369116283976091,
    0.03370783492319763,
    0.03361362023019236,
    0.03367799402234635,
    0.03291953724535503,
    0.032855824278022555,
    0.03283969493544447,
    0.03274999579378665,
    0.032700343489145245,
    0.03271412892550503,
    0.032765126508911814,
    0.03275558371678467,
    0.032469598773353175,
    0.03258604518199716,
    0.0320308772043353,
    0.03196009158953367,
    0.032015698650406946,
    0.03199508543190027,
    0.03193264447985684,
    0.03195227655618855,
    0.031966996670559994,
    0.0318706949884531,
    0.03187248014631916,
    0.03183839859085508,
    0.03190007524083951,
    0.031840437017133995,
    0.03180281849776628,
    0.03184041463264936,
    0.03179033719241923,
    0.03160928564851386,
    0.031551863061471556,
    0.03150627114072686,
    0.0314933734697474,
    0.03151530563013288,
    0.03142713883974523,
    0.031331019519190324,
    0.03120830266461291,
    0.031187203565478556
  ],
  "val_loss": [
    0.027289466539535838,
    0.02730584668809021,
    0.02689078892416051,
    0.027857157812708856,
    0.02606552610372494,
    0.025990588984175642,
    0.0263980354649293,
    0.025978690927357433,
    0.026369779438641803,
    0.02585358926664569,
    0.03032521014242784,
    0.026863110275228277,
    0.026161875105301702,
    0.025932388878746045,
    0.02746904113056491,
    0.028207877311944088,
    0.02605937894636385,
    0.027548242979653515,
    0.0262330388986821,
    0.0257011940068165,
    0.028547340225936725,
    0.025819071173144487,
    0.025826854762066587,
    0.030223354794506083,
    0.026425407305699804,
    0.0268161850162608,
    0.025320465335970564,
    0.025350250648452432,
    0.02562012440265378,
    0.02522654679183125,
    0.025924265196004406,
    0.025967634423240578,
    0.0255438936023957,
    0.025411859213238613,
    0.02502877826089509,
    0.029293401109349377,
    0.02935782759158651,
    0.02913548449409117,
    0.02572243869339586,
    0.025808757687728313,
    0.025322163231533797,
    0.025549720247034172,
    0.025288952626276045,
    0.025811701778026823,
    0.02963273993129947,
    0.025595307819180544,
    0.025266263216894912,
    0.0254041953804951,
    0.025335777405659055,
    0.025243910242776328
  ],
  "rmse": [
    0.16519523319324567,
    0.16524480376463627,
    0.1639841153586678,
    0.16690463286085852,
    0.16144821048095098,
    0.16121596878257047,
    0.16247472612366998,
    0.16117906195684803,
    0.1623877353027544,
    0.1607905133306429,
    0.17414134983375681,
    0.16389969854471148,
    0.1617463251920603,
    0.16103536375644284,
    0.16573786219001943,
    0.16795200441855948,
    0.16142917890255817,
    0.16597663197074902,
    0.16196616292827104,
    0.16031591667378828,
    0.16895957291235,
    0.1606831373767207,
    0.16070735711629613,
    0.17384865457410786,
    0.16255893188866727,
    0.16375647682201022,
    0.15912405457743942,
    0.1592176193257055,
    0.16006287318264,
    0.15882866425429715,
    0.16101014062683777,
    0.16114475899539402,
    0.15982456286021657,
    0.15941096979836766,
    0.15820486161962485,
    0.1711531457617754,
    0.1713412623971921,
    0.17069119012343487,
    0.1603821638135898,
    0.16065104161204438,
    0.1591293922490123,
    0.15984279498973752,
    0.1590250059409816,
    0.16066020668795292,
    0.1721416215215936,
    0.15998533479715787,
    0.15895364661221614,
    0.15938693287064704,
    0.15917215739032564,
    0.15888332206223071
  ],
  "mae": [
    0.06670411676168442,
    0.0676506757736206,
    0.07025367766618729,
    0.07887469232082367,
    0.05845965817570686,
    0.06887008994817734,
    0.0631575956940651,
    0.06054903194308281,
    0.06755920499563217,
    0.06070217490196228,
    0.09458764642477036,
    0.07155739516019821,
    0.0735972449183464,
    0.06091337278485298,
    0.07208498567342758,
    0.07302358746528625,
    0.06537830084562302,
    0.0758921429514885,
    0.06334682554006577,
    0.060284923762083054,
    0.07529113441705704,
    0.06166715547442436,
    0.06503289192914963,
    0.08719794452190399,
    0.06524179875850677,
    0.07342154532670975,
    0.060271136462688446,
    0.06159519404172897,
    0.06219407171010971,
    0.057553164660930634,
    0.06661423295736313,
    0.06804123520851135,
    0.06279871612787247,
    0.061495475471019745,
    0.05620472505688667,
    0.08296395093202591,
    0.08692193776369095,
    0.0841132402420044,
    0.06405729800462723,
    0.06692606955766678,
    0.06165425479412079,
    0.06307843327522278,
    0.0613185316324234,
    0.06412941217422485,
    0.0877261608839035,
    0.0620005801320076,
    0.06117449328303337,
    0.061668623238801956,
    0.06057846173644066,
    0.06079544499516487
  ],
  "mape": [
    55.2694091796875,
    50.584964752197266,
    55.26852035522461,
    53.63128662109375,
    51.957183837890625,
    53.15005111694336,
    49.67063522338867,
    55.926300048828125,
    55.39402770996094,
    53.83941650390625,
    52.37865447998047,
    51.848472595214844,
    54.37630844116211,
    53.35387420654297,
    50.26189041137695,
    51.02565383911133,
    49.61270523071289,
    51.710655212402344,
    53.096614837646484,
    49.975154876708984,
    50.3878288269043,
    50.29774475097656,
    47.773468017578125,
    51.918880462646484,
    51.18285369873047,
    50.436912536621094,
    49.92267608642578,
    52.74894714355469,
    51.44575119018555,
    48.55344772338867,
    50.03791046142578,
    51.03937911987305,
    49.25054931640625,
    51.754188537597656,
    53.43924331665039,
    48.581241607666016,
    50.75928497314453,
    50.56325912475586,
    50.86572265625,
    49.31444549560547,
    48.10313034057617,
    49.233184814453125,
    51.039581298828125,
    50.82491683959961,
    50.819068908691406,
    48.751861572265625,
    51.10616683959961,
    49.60594940185547,
    51.074798583984375,
    48.7984733581543
  ],
  "r2": [
    0.9722142219543457,
    0.9721975922584534,
    0.9726201891899109,
    0.9716362357139587,
    0.9734604358673096,
    0.9735367298126221,
    0.9731218814849854,
    0.9735488295555115,
    0.9731506705284119,
    0.9736762046813965,
    0.9691233038902283,
    0.9726483225822449,
    0.9733623266220093,
    0.9735959768295288,
    0.9720314145088196,
    0.9712791442871094,
    0.973466694355011,
    0.9719507694244385,
    0.9732899069786072,
    0.9738314151763916,
    0.9709334969520569,
    0.973711371421814,
    0.9737034440040588,
    0.9692270159721375,
    0.9730939865112305,
    0.9726961255073547,
    0.974219024181366,
    0.9741887450218201,
    0.9739139676094055,
    0.9743146896362305,
    0.9736042618751526,
    0.973560094833374,
    0.9739915728569031,
    0.9741259813308716,
    0.9745160341262817,
    0.9701738357543945,
    0.9701082706451416,
    0.9703346490859985,
    0.9738097786903381,
    0.9737218618392944,
    0.9742172956466675,
    0.9739856123924255,
    0.9742511510848999,
    0.9737188816070557,
    0.9698283672332764,
    0.9739391803741455,
    0.974274218082428,
    0.9741337895393372,
    0.9742034673690796,
    0.9742969870567322
  ],