{
  "train_loss": [
    0.06711757019610526,
    0.04691745885230605,
    0.04320519739569238,
    0.04121439645281089,
    0.04001991773125248,
    0.038832927156194366,
    0.037926176835659096,
    0.037302354411845345,
    0.037054153114547836,
    0.03659051187678042,
    0.03645905650832919,
    0.03595757814562233,
    0.035797209067850666,
    0.035410987319635746,
    0.03511395121130952,
    0.03495332937583142,
    0.034859798112589456,
    0.03416443122435291,
    0.03398484751316846,
    0.03392272528939643,
    0.033862718497296176,
    0.033821040125990555,
    0.03366653280491323,
    0.03322461984968461,
    0.033206191969190405,
    0.03308875098396376
  ],
  "val_loss": [
    0.061535098839816116,
    0.05165488224348822,
    0.032011932134390464,
    0.027897174371816245,
    0.02838186945526768,
    0.026904418313468924,
    0.027771945471019466,
    0.028209808938922425,
    0.028731477781412544,
    0.02899468192780422,
    0.02680132420546114,
    0.031885756273611315,
    0.028224698131000366,
    0.02748317598163456,
    0.026806243076327604,
    0.03094433888347077,
    0.028325258635854077,
    0.029244631491104116,
    0.03218786405580953,
    0.02696183886066159,
    0.036616486375048024,
    0.0286869232099259,
    0.02770582011852104,
    0.028094264347083203,
    0.02717180989272155,
    0.02722620567222597
  ],
  "rmse": [
    0.24806268896920833,
    0.227277097402627,
    0.17891878017540283,
    0.16702446430436144,
    0.168469193613823,
    0.16402566019338755,
    0.16664917054331865,
    0.16795775466238996,
    0.16950361800130267,
    0.1702782467423068,
    0.16371109772448844,
    0.17856583671670095,
    0.1680020698500747,
    0.16578050119768423,
    0.16372612689073565,
    0.17591002833370828,
    0.16830109275602226,
    0.1710106127297637,
    0.1794097661343428,
    0.16420060543900905,
    0.19135433582913794,
    0.16937213519619096,
    0.1664506541811514,
    0.16761344101825376,
    0.1648387370319079,
    0.16500364860380357
  ],
  "mae": [
    0.14320805668830872,
    0.1365753412246704,
    0.0843256339430809,
    0.06917883455753326,
    0.07375788688659668,
    0.06170106306672096,
    0.073806993663311,
    0.07312272489070892,
    0.07059551775455475,
    0.07411453872919083,
    0.06199304759502411,
    0.08262359350919724,
    0.07329060137271881,
    0.07069888710975647,
    0.06704845279455185,
    0.08523043245077133,
    0.0705268457531929,
    0.07699645310640335,
    0.08810632675886154,
    0.06973657757043839,
    0.09945738315582275,
    0.07399582862854004,
    0.06952320784330368,
    0.07064027339220047,
    0.0695328339934349,
    0.06938681751489639
  ],
  "mape": [
    55.22278594970703,
    56.14918518066406,
    61.081146240234375,
    61.30111312866211,
    56.00364685058594,
    58.9987678527832,
    60.31298828125,
    52.774776458740234,
    53.876251220703125,
    52.57332229614258,
    56.0110969543457,
    51.105777740478516,
    55.493408203125,
    54.12918472290039,
    56.62152862548828,
    53.960697174072266,
    53.051822662353516,
    54.00962829589844,
    53.431640625,
    54.37299728393555,
    53.293270111083984,
    55.19871139526367,
    54.183624267578125,
    51.509483337402344,
    55.204063415527344,
    56.39990997314453
  ],
  "r2": [
    0.9373458027839661,
    0.9474056959152222,
    0.9674059152603149,
    0.9715954661369324,
    0.9711019992828369,
    0.9726063013076782,
    0.9717229604721069,
    0.9712771773338318,
    0.9707459807395935,
    0.9704779982566833,
    0.9727112650871277,
    0.9675343632698059,
    0.9712619781494141,
    0.9720169901847839,
    0.9727062582969666,
    0.9684929251670837,
    0.9711596369743347,
    0.9702235460281372,
    0.9672267436981201,
    0.9725478291511536,
    0.962717592716217,
    0.9707913994789124,
    0.9717903137207031,
    0.9713947772979736,
    0.9723340272903442,
    0.9722786545753479
  ],
  "nrmse": [
    0.07299139751941618,
    0.06687532507411229,
    0.05264609466961365,
    0.04914624250896707,
    0.0495713480005388,
    0.04826385707705665,
    0.04903581390637206,
    0.04942085925123883,
    0.04987572300342236,
    0.05010365423564252,
    0.04817129840042732,
    0.05254224254899431,
    0.04943389880786819,
    0.048780211623805476,
    0.04817572066905826,
    0.0517607821599937,
    0.04952188503379408,
    0.05031914983130141,
    0.052790565212339595,
    0.04831533397598229,
    0.05630520434817265,
    0.04983703474387492,
    0.048977401306052076,
    0.04931954641707205,
    0.04850310149942779,
    0.04855162603227796
  ]
}