{
  "train_loss": 0.0302097398606747,
  "val_loss": 0.024795643845509238,
  "rmse": 0.15746632059785454,
  "mae": 0.05779746547341347,
  "mape": 54.956382751464844,
  "r2": 0.9747534394264221,
  "nrmse": 0.0463337991313338
}