{
  "train_loss": 0.03218231159473659,
  "val_loss": 0.0265723278219359,
  "rmse": 0.16301020274271255,
  "mae": 0.07098603993654251,
  "mape": 52.728431701660156,
  "r2": 0.972944438457489,
  "nrmse": 0.04796506301514324
}