{
    "rmse": 11.015815462670805,
    "mae": 4.422300338745117,
    "mape": 4726865.0,
    "r2": 0.9693125486373901,
    "nrmse": 0.04831164340274224
}