{
  "train_loss": 0.03164862219743288,
  "val_loss": 0.03700892395253534,
  "rmse": 0.19237703227543035,
  "mae": 0.13529199361801147,
  "mape": 56.66447830200195,
  "r2": 0.9623180031776428,
  "nrmse": 0.0566061284539429
}