{
  "train_loss": 0.03372938004672585,
  "val_loss": 0.026784395690674943,
  "rmse": 0.16365938389348667,
  "mae": 0.06995826959609985,
  "mape": 56.922786712646484,
  "r2": 0.9727284908294678,
  "nrmse": 0.048156081824280425
}