{
    "rmse": 11.00547619535934,
    "mae": 4.567146301269531,
    "mape": 4761274.0,
    "r2": 0.9693701267242432,
    "nrmse": 0.04826629887086533
}