{
    "rmse": 11.209905426688174,
    "mae": 4.499229431152344,
    "mape": 4689034.5,
    "r2": 0.9682216048240662,
    "nrmse": 0.04916285638478912
}