{
  "train_loss": [
    0.04768613100749142,
    0.03747343703774617,
    0.03590435145826691,
    0.03523847761797078,
    0.03460567659147938,
    0.03409395926914657,
    0.033562659183422626,
    0.0333660511726544,
    0.033347758597110234,
    0.03312343133082897,
    0.03307436588849252,
    0.03286650330729115,
    0.03278870350487461,
    0.03274865605188908,
    0.032741623338339305,
    0.032643527587746704,
    0.03197292132216021,
    0.03182533171365279,
    0.03181381209666541,
    0.03186648612640201,
    0.03169464418566586,
    0.03170816741700467,
    0.031746811696751656,
    0.03174240933727451,
    0.03170836882884662,
    0.03132352878185881,
    0.031199865943176842,
    0.031260247124164406,
    0.03120734303228799,
    0.03122251874545243,
    0.03111964549018265,
    0.031171791257412484,
    0.03122157870396915,
    0.031133299877112917,
    0.031239469950130057,
    0.031197997917580076,
    0.031172911481634823,
    0.031099212133960816,
    0.031133253724061588,
    0.031084744360321638,
    0.031089017701564626,
    0.031043845889997496,
    0.031143770696497763,
    0.031137642067013832,
    0.031056977105038915,
    0.031077068941282447,
    0.03107972374624586,
    0.03106680311123243,
    0.030784802281954664,
    0.030797796307199303,
    0.030790070815509635,
    0.03071601684079813,
    0.030786059229320817,
    0.03067131341940501,
    0.030746751979881238,
    0.030692176819884398,
    0.03058439155796142,
    0.03064532156153352,
    0.03054152538031009,
    0.030546193339207935,
    0.03055096521549322,
    0.03057388448844191,
    0.03052657716487734,
    0.030487035705538044,
    0.030528495494892356,
    0.030513502981164967,
    0.03046679973271929,
    0.030541400612735498,
    0.03045783418892079,
    0.03042725080187675,
    0.03037396287769526,
    0.030375220050864137,
    0.030433129758945347,
    0.030491013525392168,
    0.030361339149191896,
    0.030483495855448173,
    0.030471675847460713,
    0.030388053920279687,
    0.030414208686357483,
    0.030419598415664464,
    0.030448681339281025,
    0.030496028803413594,
    0.03040432185168422,
    0.03045580334961934,
    0.030405742935977597,
    0.030416707947107005,
    0.030387576633884077,
    0.030280943826172354,
    0.0303716303239214,
    0.03033639742899151,
    0.030328687452353887,
    0.030401454436096965,
    0.030320458289421814,
    0.030338785863258902,
    0.030302912432659968,
    0.030300986461432467
  ],
  "val_loss": [
    0.028149814354928082,
    0.02737325365696646,
    0.027046982109812663,
    0.02682372391160905,
    0.027150915049752034,
    0.026525912040450933,
    0.026291410292466233,
    0.02604008502249301,
    0.025771147569061657,
    0.025393627265761533,
    0.02624756550752337,
    0.026509004617646246,
    0.026066447009257754,
    0.02613490643442176,
    0.025698794025143606,
    0.025400603773281388,
    0.02625305023213,
    0.025440057269812466,
    0.02488395068139164,
    0.025384713531412896,
    0.025456774043115152,
    0.025245380604704902,
    0.025248734860885948,
    0.02523128884189058,
    0.025196799459428605,
    0.026122835299265526,
    0.025011984030597876,
    0.024975375784217987,
    0.025276159510066152,
    0.025138230480028594,
    0.024840226868131948,
    0.025894376347537294,
    0.0248552904712963,
    0.025025177323247667,
    0.02490367490700047,
    0.025750504293849865,
    0.02469221040802548,
    0.02494956250573408,
    0.024745811503903654,
    0.025285268588005946,
    0.02502303711894038,
    0.024686205437909274,
    0.024866561365809205,
    0.024700653222131195,
    0.024758615394138924,
    0.025288865669064933,
    0.024951435492762703,
    0.024919227576132238,
    0.025037339253479885,
    0.02468349538453712,
    0.025013572055839293,
    0.024733429535595906,
    0.025031470891498604,
    0.024919424673209914,
    0.025051798811782502,
    0.024691482400349966,
    0.02476987068142796,
    0.024660177925445715,
    0.024850883905654767,
    0.024945185307400957,
    0.02462862675204201,
    0.024655584323985562,
    0.024653080712569688,
    0.02469273641281563,
    0.02480377810292739,
    0.024681697362788,
    0.024744464094287523,
    0.024618919997445025,
    0.02464512033563584,
    0.024657276057828127,
    0.02474295881638096,
    0.02491626575979227,
    0.02458453065447625,
    0.02467064570415188,
    0.0247015694465158,
    0.024691244856322323,
    0.024701911030945777,
    0.02456674023302585,
    0.024713555369518338,
    0.024680749588960035,
    0.024436126172054685,
    0.024738433790147722,
    0.02479666317242735,
    0.024774866408490963,
    0.02459624978944314,
    0.02450585303799102,
    0.024649929169440483,
    0.02472349808867136,
    0.024777508992539134,
    0.02466589063743621,
    0.024645248255103055,
    0.024518940494921225,
    0.02469691557742639,
    0.024561108365223395,
    0.024711168978240373,
    0.024569137759661387
  ],
  "rmse": [
    0.16777906130867462,
    0.16544863987509437,
    0.16445966172988585,
    0.16377949715615095,
    0.16477534990293774,
    0.16286777706591232,
    0.16214625961579823,
    0.16136940434931665,
    0.16053394233052878,
    0.15935377535952958,
    0.16201100179687208,
    0.16281586401936435,
    0.16145106588948344,
    0.161662940517192,
    0.16030842831666609,
    0.1593756668693952,
    0.16202793028731366,
    0.15949939146269584,
    0.1577464683170631,
    0.15932580759028445,
    0.15955178819801624,
    0.1588879527188843,
    0.15889850893923513,
    0.15884359251589025,
    0.15873499931778176,
    0.16162560563257958,
    0.15815177131089628,
    0.15803599654400322,
    0.15898477287148968,
    0.15855040521658642,
    0.1576078246690763,
    0.1609172882424981,
    0.15765561033748618,
    0.1581934819991367,
    0.15780897844747793,
    0.16046963246668391,
    0.15713754941925723,
    0.15795430289970896,
    0.15730801243722117,
    0.1590134214537378,
    0.158186711531309,
    0.157118446186861,
    0.15769134559016904,
    0.15716440737427104,
    0.15734870383865493,
    0.15902473068742237,
    0.15796022842129592,
    0.15785824896289907,
    0.15823191510308693,
    0.1571098154821533,
    0.15815678848042272,
    0.15726865477469434,
    0.15821336195050067,
    0.1578588684343496,
    0.15827759414660952,
    0.1571352379508852,
    0.1573844673541247,
    0.15703559912167475,
    0.15764163299224668,
    0.15794044633478885,
    0.15693510181815717,
    0.1570209675359319,
    0.1570129958023845,
    0.15713921484077883,
    0.1574921467692691,
    0.1571040890798903,
    0.15730373786770352,
    0.15690417438297402,
    0.15698763659227008,
    0.15702635297209092,
    0.15729894808047973,
    0.15784886809808094,
    0.15679454090869147,
    0.1570689198874076,
    0.15716732283372153,
    0.15713447930770066,
    0.15716841315425534,
    0.15673780589759498,
    0.15720544993178368,
    0.15710107759619693,
    0.15632057980044564,
    0.15728456600111143,
    0.15746956166881296,
    0.157400337288812,
    0.15683190945099879,
    0.15654345016738627,
    0.15700295938372344,
    0.1572370762597241,
    0.15740873315066906,
    0.1570537814302186,
    0.15698804593134455,
    0.15658523836071617,
    0.15715251979887712,
    0.15671983651937904,
    0.15719786672364078,
    0.15674545295446124
  ],