{
  "train_loss": [
    0.05249517187259138,
    0.03947118223021815,
    0.03654994694390517,
    0.035704935056582225,
    0.035087294716648114,
    0.03474583883194772,
    0.03447680281852044,
    0.034433193841690926,
    0.03411496760992459,
    0.03408895278163443,
    0.03401550760376569,
    0.03390950886488651,
    0.033813562272333515,
    0.03391144601188499,
    0.03306698574922258,
    0.03298945885630887,
    0.032939117674352286,
    0.03300826989934364,
    0.03280334595657834,
    0.032882543293320264,
    0.03279285866797283,
    0.03234933640540029,
    0.03233032759014492,
    0.03225976204076423,
    0.032205596127803854,
    0.03220395863709481,
    0.03218354366482559,
    0.0319151481129788,
    0.03187871897032935,
    0.031855726365171325,
    0.03187508447135989,
    0.03184447957173806,
    0.031775129460670536,
    0.0318050080296704,
    0.031853117296105224,
    0.03173183331002754,
    0.031759541996326524,
    0.031746220176759724,
    0.0317445344997457,
    0.031750182767154946,
    0.031641103752901314,
    0.031564999749223985,
    0.03152639917106154,
    0.031521773894748376,
    0.03150313608451684,
    0.03146804365246908,
    0.03140963491680408,
    0.031445318655730525,
    0.03139396060712833,
    0.031340499603466444
  ],
  "val_loss": [
    0.026960487186339227,
    0.02599758614478074,
    0.02802240115837723,
    0.025710223114746644,
    0.02632015663989964,
    0.02558304153825475,
    0.02589446043344396,
    0.025344835855167273,
    0.03826122057658793,
    0.0495471932276552,
    0.0255520049353944,
    0.02680369606589882,
    0.026897503865992614,
    0.027317384736669344,
    0.024806619820305256,
    0.026850813389064348,
    0.025020695983875952,
    0.025077054366972846,
    0.02491805571514664,
    0.03307239647085887,
    0.02891428631552871,
    0.02998213662242634,
    0.024934100825734197,
    0.025771865806707695,
    0.030493080101483955,
    0.025404376948565854,
    0.03277435193035259,
    0.03295085970148322,
    0.02476109267738675,
    0.030445207553047138,
    0.025324367541883164,
    0.03184786964938946,
    0.025168541505896154,
    0.031710410954768994,
    0.024748473022514414,
    0.025460243572509592,
    0.025011122763158103,
    0.02982591892350969,
    0.03134570345004149,
    0.028618696906378638,
    0.025470784640701048,
    0.025209977056238193,
    0.02494443693781148,
    0.033327800800825216,
    0.02545474909128077,
    0.0249323793196482,
    0.025231134675596737,
    0.025484426732667154,
    0.025197339943271935,
    0.026039074479562586
  ],
  "rmse": [
    0.1641964819462148,
    0.1612376709963537,
    0.16739892225515327,
    0.16034407766625025,
    0.16223487821668287,
    0.15994699112270244,
    0.16091755447121386,
    0.1592006143025097,
    0.1956047541833358,
    0.22259199319510645,
    0.15984994393408267,
    0.1637183337405644,
    0.16400458244537772,
    0.16527970956916485,
    0.1575011704416533,
    0.16386217421091093,
    0.1581793166718776,
    0.15835736256032562,
    0.15785453208314487,
    0.18185817857013298,
    0.1700420064603381,
    0.17315350577584798,
    0.15790535135691014,
    0.16053617585629726,
    0.1746226753699306,
    0.15938751134195528,
    0.18103687894246198,
    0.18152370586666844,
    0.15735656978692714,
    0.17448554928810517,
    0.15913631573827375,
    0.17845971006002967,
    0.15864595789433794,
    0.17807416608814122,
    0.157316472426975,
    0.15956265654109833,
    0.1581490506664997,
    0.17270181386945715,
    0.1770471659826194,
    0.1691706152883411,
    0.15959568895805787,
    0.15877649226997265,
    0.1579380817527156,
    0.18255903980824648,
    0.15954544312485838,
    0.15789990152951758,
    0.15884310587434006,
    0.1596384225275047,
    0.158736700783119,
    0.1613662646933741
  ],
  "mae": [
    0.06419924646615982,
    0.06064585968852043,
    0.07717910408973694,
    0.063850536942482,
    0.06333621591329575,
    0.05995718389749527,
    0.06215258687734604,
    0.06134284287691116,
    0.14421415328979492,
    0.17795373499393463,
    0.06670216470956802,
    0.07192222028970718,
    0.06986971199512482,
    0.07878869771957397,
    0.05860619619488716,
    0.0794176235795021,
    0.05994720384478569,
    0.05981798470020294,
    0.061791855841875076,
    0.12366216629743576,
    0.09091684222221375,
    0.1082381010055542,
    0.05765979737043381,
    0.06441911309957504,
    0.11002030223608017,
    0.06382495164871216,
    0.11691907793283463,
    0.12025204300880432,
    0.058924902230501175,
    0.1098671481013298,
    0.06217099726200104,
    0.11542943865060806,
    0.06419125199317932,
    0.11383447051048279,
    0.06335218995809555,
    0.06507223844528198,
    0.06370706856250763,
    0.09959433227777481,
    0.11119639128446579,
    0.08750810474157333,
    0.0621124729514122,
    0.061637889593839645,
    0.060119859874248505,
    0.12283110618591309,
    0.06341713666915894,
    0.06041869893670082,
    0.0625702515244484,
    0.06499272584915161,
    0.062186796218156815,
    0.06823410838842392
  ],
  "mape": [
    62.1202278137207,
    52.024505615234375,
    54.81103515625,
    50.2945556640625,
    50.123779296875,
    51.11848068237305,
    51.07399368286133,
    53.409141540527344,
    60.41450500488281,
    59.610130310058594,
    57.61307907104492,
    52.86217498779297,
    53.848243713378906,
    53.46031188964844,
    50.86949920654297,
    51.00468444824219,
    51.90100860595703,
    47.09925842285156,
    52.61077880859375,
    58.485107421875,
    54.06504821777344,
    54.9675407409668,
    50.99814987182617,
    50.67285919189453,
    54.938758850097656,
    52.735137939453125,
    54.60218811035156,
    58.04420852661133,
    50.27482986450195,
    55.38731384277344,
    52.1686897277832,
    55.6851806640625,
    51.447574615478516,
    55.29330825805664,
    52.156002044677734,
    49.17744445800781,
    51.035057067871094,
    52.13056945800781,
    57.74029541015625,
    52.42984390258789,
    48.49620819091797,
    50.30694580078125,
    50.68925476074219,
    57.402565002441406,
    50.0798225402832,
    51.54106521606445,
    49.80136489868164,
    49.383201599121094,
    50.13855743408203,
    50.230098724365234
  ],
  "r2": [
    0.9725492000579834,
    0.9735296368598938,
    0.9714679718017578,
    0.9738221764564514,
    0.9732011556625366,
    0.9739516973495483,
    0.9736346006393433,
    0.9741942286491394,
    0.9610429406166077,
    0.9495517015457153,
    0.9739832878112793,
    0.9727088212966919,
    0.9726133346557617,
    0.9721857905387878,
    0.9747422337532043,
    0.9726608991622925,
    0.9745242595672607,
    0.974466860294342,
    0.9746288061141968,
    0.966326117515564,
    0.9705598950386047,
    0.9694725871086121,
    0.9746124148368835,
    0.9737594127655029,
    0.9689523577690125,
    0.9741336107254028,
    0.9666296243667603,
    0.9664499163627625,
    0.9747886061668396,
    0.9690011143684387,
    0.9742150902748108,
    0.9675729274749756,
    0.9743737578392029,
    0.9677128791809082,
    0.9748014211654663,
    0.9740767478942871,
    0.9745340347290039,
    0.9696316719055176,
    0.9680842161178589,
    0.9708608388900757,
    0.9740660190582275,
    0.9743315577507019,
    0.9746019244194031,
    0.9660660624504089,
    0.974082350730896,
    0.9746142029762268,
    0.9743099808692932,
    0.9740521311759949,
    0.9743444323539734,
    0.973487377166748
  ],