{
  "train_loss": 0.036597596393085734,
  "val_loss": 0.02879713683773619,
  "rmse": 0.16969719095991861,
  "mae": 0.07210247963666916,
  "mape": 57.67747116088867,
  "r2": 0.9706791639328003,
  "nrmse": 0.0499326810281461
}