{
  "train_loss": 0.03052163087462846,
  "val_loss": 0.024912881765888642,
  "rmse": 0.1578381472699461,
  "mae": 0.055435024201869965,
  "mape": 53.934837341308594,
  "r2": 0.974634051322937,
  "nrmse": 0.04644320755766238
}