{
    "rmse": 11.060336661155729,
    "mae": 4.355464458465576,
    "mape": 4792349.5,
    "r2": 0.9690639972686768,
    "nrmse": 0.04850689833165377
}