{
  "train_loss": 0.030551503594869203,
  "val_loss": 0.024904004348113084,
  "rmse": 0.1578100230239764,
  "mae": 0.05582145228981972,
  "mape": 50.55531311035156,
  "r2": 0.9746431112289429,
  "nrmse": 0.04643493211718385
}