{
  "train_loss": 0.0313963098261203,
  "val_loss": 0.024695215114309523,
  "rmse": 0.1571471149807096,
  "mae": 0.05701371654868126,
  "mape": 57.60419845581055,
  "r2": 0.9748556613922119,
  "nrmse": 0.0462398742279625
}