{
  "train_loss": [
    0.018851090702249305,
    0.018764645177079344,
    0.018715939689751444,
    0.01874067680277005,
    0.018704603849931955,
    0.0185353153852999,
    0.01792819541837158,
    0.017789209390889314,
    0.01774263184850486,
    0.017766824772465942,
    0.01769049536867219,
    0.01764052465541426,
    0.01729636960410336,
    0.01725619388823719,
    0.01721741992231003
  ],
  "val_loss": [
    0.012369878931176671,
    0.013574637595702608,
    0.01042482744390517,
    0.010231861321002306,
    0.012043004488098549,
    0.014756597075594914,
    0.01188764284099782,
    0.011288035916653253,
    0.012205276837446322,
    0.013198700984088338,
    0.011376832471974213,
    0.012530433409401527,
    0.01227666763872088,
    0.013037987931498709,
    0.012472450080885357
  ],
  "rmse": [
    0.11121996008554193,
    0.11651024221632608,
    0.10210204776021331,
    0.10115266602842879,
    0.10974062112176602,
    0.12147673294587309,
    0.109030466177756,
    0.10624516332360527,
    0.11047748959379394,
    0.11488559845987154,
    0.1066622317436508,
    0.11193941671294891,
    0.11080012260925785,
    0.11418400524326652,
    0.11168012268018979
  ],
  "mae": [
    0.054422520101070404,
    0.06191876530647278,
    0.04344320669770241,
    0.04246596619486809,
    0.05526562035083771,
    0.06070629879832268,
    0.05371181294322014,
    0.05066514387726784,
    0.05450941249728203,
    0.058918870985507965,
    0.05235705524682999,
    0.05733495578169823,
    0.05496116355061531,
    0.05801044777035713,
    0.05574055388569832
  ],
  "mape": [
    28.036476135253906,
    27.209400177001953,
    27.993370056152344,
    28.49541664123535,
    28.353368759155273,
    28.69341278076172,
    27.026485443115234,
    30.64497184753418,
    26.612558364868164,
    26.009506225585938,
    27.698970794677734,
    24.600801467895508,
    26.631187438964844,
    25.880762100219727,
    25.617233276367188
  ],
  "r2": [
    0.9874051809310913,
    0.9861785173416138,
    0.9893856048583984,
    0.9895820617675781,
    0.9877379536628723,
    0.9849750399589539,
    0.9878961443901062,
    0.9885066747665405,
    0.9875727295875549,
    0.9865612387657166,
    0.9884162545204163,
    0.9872416853904724,
    0.9875000715255737,
    0.9867249131202698,
    0.9873006939888
  ],
  "nrmse": [
    0.0327260030616901,
    0.03428264621347768,
    0.030043095906846444,
    0.029763744345874865,
    0.03229071382565214,
    0.03574401511431169,
    0.03208175373562809,
    0.03126219014594002,
    0.03250753425836136,
    0.033804601656484544,
    0.03138491076534005,
    0.03293770013272991,
    0.03260246765919834,
    0.03359816081855386,
    0.03286140395978194
  ]
}