{
  "train_loss": [
    0.05900930104707145,
    0.04496963081374335,
    0.04241172321876276,
    0.041191187077289054,
    0.040635743722381074,
    0.040337070660690144,
    0.039904282365321474,
    0.03974069292666025,
    0.0387160041857538,
    0.038479265184584756,
    0.03839517748505853,
    0.03831114877526708,
    0.0382466558727415,
    0.038291746413083805,
    0.038053795183449396,
    0.03807632253135501,
    0.03799055824076901,
    0.03795904325833662,
    0.03785914281738792,
    0.03768315713611983,
    0.03784753910188062,
    0.037723483619171896,
    0.03778375693034511,
    0.03773523351583866,
    0.03760840589356213,
    0.037632081146272214,
    0.037539079921414135,
    0.03755857466581694,
    0.03751122336473669,
    0.037520372883958646,
    0.03752275670711043,
    0.03749334343354131,
    0.037465092289239096,
    0.036843186394044415,
    0.03678547330593946,
    0.0367677963436846,
    0.03662360443125752,
    0.03658461477216313,
    0.036582596252663815,
    0.03628616293666042,
    0.03617821358465137,
    0.03622190988348728
  ],
  "val_loss": [
    0.03243799785672245,
    0.028419849195296838,
    0.029471240252282694,
    0.030597796229117607,
    0.056433659367555664,
    0.03264198767922233,
    0.028647191422898437,
    0.03188879164261577,
    0.03315162638946554,
    0.029238945924240093,
    0.03779965825282129,
    0.035106955772797176,
    0.02825166062003705,
    0.02980055634598496,
    0.030036355559660305,
    0.03232265607250891,
    0.028250195318403087,
    0.028205073509789153,
    0.029065542469701982,
    0.028694712954949266,
    0.05247623588221175,
    0.028148504343223486,
    0.02910962029162081,
    0.029300767476338148,
    0.030444522820396277,
    0.044178114632231646,
    0.02763082275530072,
    0.030257013573123093,
    0.04260927968484661,
    0.028293478458665953,
    0.029548632518437534,
    0.029427971944698934,
    0.02916188087146648,
    0.028805151932941857,
    0.04956977343285262,
    0.030572491347926122,
    0.04703802293941704,
    0.03462613665030873,
    0.029197811347156297,
    0.0296075244075498,
    0.02839429797580722,
    0.03074555999709634
  ],
  "rmse": [
    0.18010552129646054,
    0.16858187486050985,
    0.17167189366656577,
    0.17492225891418717,
    0.23755769624848685,
    0.18067092882459723,
    0.16925480778956825,
    0.17857431703172816,
    0.18207588139815242,
    0.1709939907517623,
    0.19442134686405735,
    0.1873685057814433,
    0.1680822986667235,
    0.1726283717627224,
    0.1733099952035959,
    0.179785028195478,
    0.16807793794355402,
    0.1679436531834921,
    0.17048619276365495,
    0.16939513459829955,
    0.22907691068452987,
    0.16777515343886573,
    0.17061541418599174,
    0.17117466537346215,
    0.17448358506448927,
    0.21018590186149852,
    0.16622522250154992,
    0.17394543022187758,
    0.20642015850672196,
    0.1682066507940011,
    0.17189716066200847,
    0.17154582428100085,
    0.17076850311299985,
    0.1697208047994241,
    0.22264269737356981,
    0.17484990925546537,
    0.21688250835129833,
    0.1860809870458244,
    0.17087366197016146,
    0.17206837331521324,
    0.16850606785122696,
    0.17534411435997865
  ],
  "mae": [
    0.0872202143073082,
    0.0711144506931305,
    0.07413311302661896,
    0.07874934375286102,
    0.19597987830638885,
    0.085004061460495,
    0.07300145924091339,
    0.09244705736637115,
    0.10213445872068405,
    0.07673045247793198,
    0.13202419877052307,
    0.11328349262475967,
    0.07378462702035904,
    0.07988482713699341,
    0.07804123312234879,
    0.09047920256853104,
    0.07250941544771194,
    0.07226166129112244,
    0.0822199359536171,
    0.07489261031150818,
    0.1874575912952423,
    0.07278121262788773,
    0.07608631998300552,
    0.07487300038337708,
    0.08855332434177399,
    0.159404456615448,
    0.07259587943553925,
    0.07940981537103653,
    0.15283724665641785,
    0.07374203205108643,
    0.07946689426898956,
    0.07924134284257889,
    0.07912735641002655,
    0.07826121896505356,
    0.1779545694589615,
    0.08158057928085327,
    0.17083558440208435,
    0.11569999903440475,
    0.07589884102344513,
    0.07697909325361252,
    0.07410011440515518,
    0.08587200194597244
  ],
  "mape": [
    64.09822845458984,
    64.095947265625,
    54.79570770263672,
    55.68621063232422,
    71.17203521728516,
    56.76750946044922,
    56.41761016845703,
    59.801876068115234,
    55.29456329345703,
    54.0656623840332,
    60.592872619628906,
    57.7408561706543,
    56.195621490478516,
    55.47468185424805,
    56.88618469238281,
    57.88609313964844,
    55.376094818115234,
    56.93193054199219,
    55.12759780883789,
    56.20004653930664,
    71.92866516113281,
    60.645164489746094,
    58.711463928222656,
    57.42722702026367,
    58.58100509643555,
    70.0534896850586,
    60.410423278808594,
    53.5260124206543,
    63.87035369873047,
    57.80618667602539,
    55.62804412841797,
    58.19318389892578,
    57.97622299194336,
    55.29312515258789,
    75.47599029541016,
    55.64418029785156,
    72.50414276123047,
    59.708839416503906,
    56.71488571166992,
    52.11714553833008,
    57.8055305480957,
    55.03844451904297
  ],
  "r2": [
    0.9669720530509949,
    0.9710633158683777,
    0.9699928164482117,
    0.9688457250595093,
    0.9425400495529175,
    0.9667643904685974,
    0.9708318114280701,
    0.9675312638282776,
    0.9662454724311829,
    0.9702293276786804,
    0.9615129232406616,
    0.9642545580863953,
    0.9712345600128174,
    0.9696574807167053,
    0.96941739320755,
    0.9670895338058472,
    0.9712360501289368,
    0.9712820053100586,
    0.9704058766365051,
    0.9707834124565125,
    0.9465694427490234,
    0.9713395833969116,
    0.9703609943389893,
    0.9701663851737976,
    0.969001829624176,
    0.9550184607505798,
    0.9718666672706604,
    0.9691927433013916,
    0.9566158056259155,
    0.971191942691803,
    0.9699139595031738,
    0.9700368642807007,
    0.9703077673912048,
    0.9706709980964661,
    0.9495287537574768,
    0.968871533870697,
    0.9521065354347229,
    0.9647441506385803,
    0.9702711701393127,
    0.9698539972305298,
    0.9710893034934998,
    0.9686952829360962
  ],
  "nrmse": [
    0.052995288227418356,
    0.04960450398100519,
    0.05051372895132427,
    0.051470135184193404,
    0.06990034782224896,
    0.05316165700225582,
    0.04980251165048951,
    0.052544737845839684,
    0.053575058357447226,
    0.05031425888454557,
    0.05720765937910246,
    0.0551323907071328,
    0.04945750579799177,
    0.05079516858751175,
    0.05099573340335766,
    0.05290098448737081,
    0.049456222673634545,
    0.04941670995068855,
    0.050164841473311655,
    0.04984380222071311,
    0.06740491252342194,
    0.04936712961318172,
    0.0502028643305378,
    0.05036742162816076,
    0.05134105725845728,
    0.06184631304087003,
    0.04891106898736426,
    0.051182707471122094,
    0.060738258978782864,
    0.04949409588573218,
    0.050580012812394576,
    0.050476633567592695,
    0.05024791010011122,
    0.04993962930059073,
    0.06551167245795084,
    0.051448846602979915,
    0.06381676118992138,
    0.054753543762290885,
    0.050278852649261456,
    0.0506303914117815,
    0.049582198089005394,
    0.051594264365681555
  ]
}