{
  "train_loss": 0.030051115548329992,
  "val_loss": 0.024861402366713112,
  "rmse": 0.15767497925901117,
  "mae": 0.05919918790459633,
  "mape": 53.30944061279297,
  "r2": 0.9746864438056946,
  "nrmse": 0.04639519606025382
}