{
    "rmse": 13.35238246732436,
    "mae": 6.348397731781006,
    "mape": 439702.40625,
    "r2": 0.9549136161804199,
    "nrmse": 0.05855903263412329
}