{
    "rmse": 6.58946226018618,
    "mae": 2.6828134059906006,
    "mape": 2959486.25,
    "r2": 0.9890193343162537,
    "nrmse": 0.02889915431215463
}