{
    "rmse": 10.953013551501478,
    "mae": 4.391541481018066,
    "mape": 4911359.0,
    "r2": 0.9696614146232605,
    "nrmse": 0.04803621544666357
}