{
  "train_loss": [
    0.04778038317469613,
    0.03882998720049082,
    0.036344032490594896,
    0.03534486824801114,
    0.03491642091021546,
    0.03446166020059729,
    0.03363708662690457,
    0.03322027247743186,
    0.03304281518512655,
    0.032895198771031295,
    0.03272172820611233,
    0.03274398345275477,
    0.032619873261440564,
    0.032441252235219216,
    0.03237356561759445,
    0.03229449905107361,
    0.03215757995082199,
    0.03208540931099995,
    0.03214348865203006,
    0.03207052043225921,
    0.032064756349765314,
    0.031953717403151054,
    0.0318356235378936,
    0.03184443076353887,
    0.03178874852261883,
    0.031868347678837526,
    0.031706082248722886,
    0.03172352240812858,
    0.03159154568162413,
    0.031685524438441436,
    0.03158918353475435,
    0.031602210960137406,
    0.0315673641711069,
    0.03152325827194754,
    0.031506673620416065,
    0.03158786737847521,
    0.031455198143966814,
    0.030953816638797732,
    0.030867300425435527,
    0.030920148159014692,
    0.03086917868840157,
    0.030839454139359793,
    0.030840704895340992,
    0.030763952818596032,
    0.030822793551009215,
    0.03081049018732993,
    0.0305697048362346,
    0.030498197843603237,
    0.030440798709649282,
    0.030407539729433265,
    0.030411624908305384,
    0.030427836996955084,
    0.030432330525837648,
    0.030404904510785247,
    0.030383886688021455,
    0.030207657582845618,
    0.030124600257901715,
    0.03012197158541441,
    0.030111266581648678,
    0.03016826883294134,
    0.03015885819888422,
    0.030144050256935687,
    0.03008842625546269,
    0.03015565734119898,
    0.03005257596851875,
    0.02999649208654395,
    0.030037748114624896,
    0.030026195834377944,
    0.029962976670232296,
    0.03002196263263384,
    0.029966769280536525,
    0.02996352829772049,
    0.029925834878993213,
    0.029955773899335614,
    0.029969459786190308,
    0.029919703145173972,
    0.029963432243806206,
    0.029927064782509144,
    0.02987338133681744,
    0.029887380391765073,
    0.029881911973991163,
    0.029880065054719115,
    0.02986100983213331,
    0.02979501929229631,
    0.029916020141953225,
    0.0298095449790432
  ],
  "val_loss": [
    0.02834054062024483,
    0.0292510014346264,
    0.027084517837241525,
    0.0273771193067236,
    0.027906024076381118,
    0.025942170083677808,
    0.02652727480233098,
    0.025936217512547755,
    0.026092527781805007,
    0.02595369686769976,
    0.02636940686789781,
    0.02684407844019167,
    0.025831783066054916,
    0.025549781091235037,
    0.025746029959085766,
    0.026053908278317668,
    0.025863242425580434,
    0.02570542966674745,
    0.02639155630167669,
    0.025524548332488687,
    0.025633002152848545,
    0.025454692370356757,
    0.02573952216956295,
    0.02708915725206374,
    0.025603748694219577,
    0.025578484054660035,
    0.02668118746829799,
    0.02525697298350235,
    0.025712471221209423,
    0.025614894036793845,
    0.02524179700628124,
    0.025838998388088525,
    0.025550547604287255,
    0.025279010327249083,
    0.025441637521322714,
    0.025568848931719894,
    0.025332130921652762,
    0.024870504494851942,
    0.0256383661672374,
    0.024810095009113468,
    0.02531450133426615,
    0.02544120061397795,
    0.02496232070210701,
    0.025126465411034065,
    0.024919754441541927,
    0.025354126576993107,
    0.025174856850424834,
    0.025565307333964147,
    0.024717353422745492,
    0.024800374999956593,
    0.025032644313686916,
    0.025183699996494967,
    0.02514213213790962,
    0.025128028432420887,
    0.024751768807409407,
    0.024772939342461595,
    0.02466458752080753,
    0.024628518642819723,
    0.024940016856028074,
    0.0248537068000653,
    0.02492672162937722,
    0.024841913936810123,
    0.02471249701959734,
    0.02488416053551396,
    0.024754573178184847,
    0.02482917706640499,
    0.024734353477156253,
    0.02472525350278722,
    0.024915941759368124,
    0.02467575023222983,
    0.024613484807223744,
    0.024764786423336616,
    0.02473982507454889,
    0.024692254353682604,
    0.024671773294114657,
    0.024800383197218112,
    0.024782171937743513,
    0.02472686256340808,
    0.024762442707567753,
    0.02475461795255217,
    0.024702322076614446,
    0.024751265648600262,
    0.024850341802397775,
    0.024728353002328285,
    0.02473597575048295,
    0.024713639418840597
  ],
  "rmse": [
    0.1683464848569031,
    0.17102923701116016,
    0.1645737414089981,
    0.1654603254192632,
    0.1670509647639103,
    0.1610657292221051,
    0.16287195707056448,
    0.16104724808562093,
    0.16153180978242243,
    0.1611015116027068,
    0.16238659399831235,
    0.16384162680745223,
    0.1607226903407531,
    0.15984298726381832,
    0.16045569129932463,
    0.16141222800551913,
    0.16082052544465514,
    0.1603291264681074,
    0.1624547828981572,
    0.15976403638987266,
    0.1601031029139936,
    0.15954526216690923,
    0.16043541582467974,
    0.1645878373708778,
    0.1600117147523112,
    0.15993274817613445,
    0.1633437682659547,
    0.15892443054045288,
    0.16035107648545838,
    0.1600465340577635,
    0.1588766689205377,
    0.16074513702652946,
    0.1598453819307193,
    0.1589937411180787,
    0.15950434288776227,
    0.1599026218540955,
    0.1591607006427416,
    0.15770384806281376,
    0.16011984923198455,
    0.15751219801556335,
    0.15910531278180526,
    0.15950297659006843,
    0.15799468048374316,
    0.1585132949153984,
    0.15785991268072053,
    0.15922979139690166,
    0.15866586332892493,
    0.15989154363111274,
    0.15721753491375884,
    0.15748134251810705,
    0.15821708217324212,
    0.15869373026393208,
    0.1585627048624179,
    0.1585182242652758,
    0.1573269446602716,
    0.1573942190918951,
    0.15704963633377686,
    0.15693475168557014,
    0.15792408222985876,
    0.1576505831256684,
    0.157881981831582,
    0.15761317823527163,
    0.15720209085268216,
    0.1577471413625401,
    0.15733585942095626,
    0.15757276199663414,
    0.15727159198862334,
    0.15724264974806204,
    0.15784784147903128,
    0.15708516557048205,
    0.1568868533059965,
    0.1573683176682311,
    0.1572889831979319,
    0.15713768573556103,
    0.15707250712620635,
    0.1574813780012616,
    0.15742354167311529,
    0.15724777291855616,
    0.15736086659486345,
    0.15733599556544378,
    0.15716972271402874,
    0.1573253463430031,
    0.15763990789162058,
    0.15725251096235376,
    0.15727674382411355,
    0.15720571652228893
  ],