{
    "rmse": 11.09353921179586,
    "mae": 4.432277202606201,
    "mape": 4863867.5,
    "r2": 0.9688779711723328,
    "nrmse": 0.04865251349668837
}