{
  "train_loss": [
    0.05527943080446853,
    0.043630857018818026,
    0.04186311667270505,
    0.041079950778935455,
    0.04069378336392736,
    0.04024420265028593,
    0.03938961889928736,
    0.03904324549003025,
    0.03891027866058276,
    0.038805021720656335,
    0.03863611978624174,
    0.03834480814403666,
    0.03831810972729481,
    0.03752749069710805,
    0.03750741306688225,
    0.037403648796497435,
    0.03732058121004428,
    0.037215276293249167,
    0.037332565352530975,
    0.03723051298412958,
    0.03718410571729106,
    0.03663338630101715,
    0.03662924792244809,
    0.036577522943872266,
    0.0365751741824408,
    0.0364990041229592,
    0.03645499471955766,
    0.03654314098109164,
    0.03634320597363603,
    0.036292047580592415,
    0.036274563904968436,
    0.03627099815506949,
    0.0362477228752677,
    0.03627496994194728,
    0.03624852360527389,
    0.03618333902354697,
    0.03605263398586233,
    0.03611972228427435,
    0.03574153863504714,
    0.03579174873163403,
    0.03569754817595347,
    0.035777335828256256,
    0.03569129707242773,
    0.035741692937780706,
    0.03570592395980029,
    0.03564354778605068,
    0.03556767754400486,
    0.035601504643081365,
    0.035412325263144875,
    0.03546901263850105,
    0.035440021438999846,
    0.035365277634682966,
    0.03543110818859996,
    0.03537703309351656,
    0.03530909964850682,
    0.03529305958004608,
    0.035216835037032324
  ],
  "val_loss": [
    0.03702373575160065,
    0.03007702297689525,
    0.036724443598964096,
    0.029949986336864777,
    0.028977373612867025,
    0.029379394519758066,
    0.028346568416767397,
    0.02962691536683063,
    0.02883803721641161,
    0.029241277593387273,
    0.029343653735229083,
    0.028394594157033166,
    0.0299389555334608,
    0.0289563780400573,
    0.028128812148962522,
    0.02986964400463233,
    0.03046730504797793,
    0.029554648074947062,
    0.028566598326867452,
    0.03004959705870956,
    0.029475274606064143,
    0.028930833563010384,
    0.02853544512480143,
    0.03026141846902118,
    0.028172832545736708,
    0.029235190518261813,
    0.028120113667885402,
    0.028939644718152708,
    0.028736940810873,
    0.029159189729001802,
    0.02807523537287588,
    0.02803239549004499,
    0.02938344426337881,
    0.028760678717918174,
    0.03016967305109562,
    0.029556031951869146,
    0.028786355074909724,
    0.029467301321189562,
    0.02815813184392313,
    0.028819943146949332,
    0.029665081081544153,
    0.027887786634784622,
    0.028467161738671518,
    0.028802364679563708,
    0.02959697281693527,
    0.02875499863148648,
    0.028951146501176396,
    0.028586262652020134,
    0.029387296096542614,
    0.028483640026521886,
    0.028712014903069287,
    0.02958404742819208,
    0.029247305004083117,
    0.028536147506535922,
    0.028919870935004727,
    0.028758020048623913,
    0.02909940074413508
  ],
  "rmse": [
    0.1924155154244022,
    0.1734272803483166,
    0.19163622955680962,
    0.17306064094572673,
    0.17022741734194075,
    0.17140417743671266,
    0.16836439709353254,
    0.17212470295893595,
    0.16981765686133435,
    0.1710008096616522,
    0.17129989337497495,
    0.1685069521589723,
    0.17302876349707538,
    0.1701657310275485,
    0.16771645782962763,
    0.1728283656444276,
    0.17454886230629593,
    0.17191465418877827,
    0.16901656946837212,
    0.17334819290040585,
    0.17168364384663407,
    0.17009066277491125,
    0.16892436895486906,
    0.1739580922258347,
    0.16784765069854074,
    0.17098300476347866,
    0.16769052350705557,
    0.17011655967237418,
    0.16951973783721877,
    0.1707606223144376,
    0.16755665639372488,
    0.1674287788544812,
    0.17141599486616077,
    0.1695897320109211,
    0.1736941893138095,
    0.1719186684013775,
    0.16966542261039322,
    0.17166042480204685,
    0.16780384973789028,
    0.169764369006718,
    0.17223553340646544,
    0.16699636465280293,
    0.1687221431256734,
    0.1697125954801852,
    0.1720376978609133,
    0.1695729817389282,
    0.17015035658474476,
    0.1690747200926478,
    0.1714272301769012,
    0.16877096474189604,
    0.16944619717292927,
    0.17200014045308998,
    0.1710184329966905,
    0.16892645295117972,
    0.17005843123426784,
    0.16958189528634265,
    0.1705854601773659
  ],
  "mae": [
    0.0955602303147316,
    0.08084569126367569,
    0.0975298210978508,
    0.0757451131939888,
    0.07660746574401855,
    0.07542642205953598,
    0.07373084127902985,
    0.0760430097579956,
    0.07588604837656021,
    0.07820899784564972,
    0.07899448275566101,
    0.07367667555809021,
    0.07523539662361145,
    0.07331304252147675,
    0.06957915425300598,
    0.07806535810232162,
    0.07870862632989883,
    0.07632719725370407,
    0.07323481142520905,
    0.07382092624902725,
    0.08123832195997238,
    0.07485045492649078,
    0.07184921950101852,
    0.08023905009031296,
    0.06899216771125793,
    0.07557749003171921,
    0.07234201580286026,
    0.07428546249866486,
    0.07334578782320023,
    0.07740642130374908,
    0.07065460085868835,
    0.07057050615549088,
    0.07456424832344055,
    0.07354726642370224,
    0.08132290840148926,
    0.07645831257104874,
    0.07333161681890488,
    0.07476294040679932,
    0.07114998251199722,
    0.07352383434772491,
    0.07723025977611542,
    0.0697038397192955,
    0.07197222858667374,
    0.07443346083164215,
    0.0764714777469635,
    0.07353193312883377,
    0.07475552707910538,
    0.07280954718589783,
    0.07511550933122635,
    0.07325519621372223,
    0.07447542995214462,
    0.07608569413423538,
    0.07511728256940842,
    0.07189036905765533,
    0.07434429973363876,
    0.07317426055669785,
    0.07432159036397934
  ],
  "mape": [
    56.88276290893555,
    63.23444747924805,
    51.87797546386719,
    65.09255981445312,
    65.33684539794922,
    58.21760177612305,
    64.82131958007812,
    63.24856185913086,
    63.71003341674805,
    60.809814453125,
    60.148006439208984,
    64.08206939697266,
    60.57231903076172,
    59.7635383605957,
    58.31285858154297,
    61.0084114074707,
    58.55339813232422,
    56.00352478027344,
    62.1950569152832,
    54.47890853881836,
    60.71843338012695,
    61.796180725097656,
    60.73736572265625,
    57.922607421875,
    55.28861999511719,
    58.7468147277832,
    61.251426696777344,
    58.80198669433594,
    57.802093505859375,
    58.28975296020508,
    61.555015563964844,
    59.810054779052734,
    58.488101959228516,
    56.28936767578125,
    59.86480712890625,
    59.91687774658203,
    68.55036163330078,
    58.90855026245117,
    61.51788330078125,
    59.75829315185547,
    60.24640655517578,
    63.2117805480957,
    63.57691955566406,
    57.85659408569336,
    59.23313522338867,
    57.61700439453125,
    60.84697723388672,
    61.286808013916016,
    59.65495681762695,
    65.59165954589844,
    61.04859161376953,
    59.87019348144531,
    58.02663040161133,
    61.19839096069336,
    59.83869552612305,
    60.48979187011719,
    59.873897552490234
  ],