{
  "train_loss": 0.030300986461432467,
  "val_loss": 0.024569137759661387,
  "rmse": 0.15674545295446124,
  "mae": 0.0561709851026535,
  "mape": 53.284912109375,
  "r2": 0.9749840497970581,
  "nrmse": 0.04612168687480522
}