{
  "train_loss": [
    0.046760887031864436,
    0.03731171976178046,
    0.035486312077708033,
    0.03481422008653071,
    0.034394085092558084,
    0.03396163403684776,
    0.033489076225446696,
    0.03339093902753989,
    0.033133955575953285,
    0.03291528272657097,
    0.03283278732591524,
    0.0327649641419566,
    0.03261347066310241,
    0.03258148891537836,
    0.03254308515420876,
    0.03254043761105251,
    0.03233284057222417,
    0.032384895479412,
    0.03225302071923816,
    0.032160249536306654,
    0.032259297518692075,
    0.03208471791498374,
    0.03204403592734201,
    0.03193966344236152,
    0.031973561744753035,
    0.031914194607472385,
    0.03190301521454812,
    0.031849095899802775,
    0.03175951491514726,
    0.03128520962249171,
    0.031166221115626985,
    0.031162878006822756,
    0.031102173682745368,
    0.031066740973288737,
    0.031089809570280243,
    0.031121429978204263,
    0.030839411105251655,
    0.030780299562045,
    0.030697048875152688,
    0.030742134276257396,
    0.030653329711980128,
    0.030684547452950257,
    0.030660708865467658,
    0.030646838583997176,
    0.03055029401956335,
    0.030586286984282424,
    0.030547306414239712,
    0.030511860552791148,
    0.030506375244645865,
    0.030376526525043475,
    0.0303635483574867,
    0.03040346886798648,
    0.030382647046831808,
    0.030339864125164175,
    0.03035335449828511,
    0.03030783836804088,
    0.030353598296822153,
    0.030298455273063248,
    0.030292574063332977,
    0.03028315587669985,
    0.030340808555547365,
    0.030249944669511582,
    0.030220031502716623,
    0.03018747366663187,
    0.030222790085718043,
    0.030137563189664835,
    0.03017672219180856,
    0.030053625669711863,
    0.0301050351532147,
    0.030051115548329992
  ],
  "val_loss": [
    0.028392591157123635,
    0.028454710949352143,
    0.02875598190715588,
    0.027091945143512135,
    0.027748072728970473,
    0.027170648459771733,
    0.026386925569984395,
    0.026317160178583744,
    0.026347647158483204,
    0.02660413845826354,
    0.028096328705858518,
    0.027232489907956323,
    0.02605120634018942,
    0.028343482707774557,
    0.026403366664763252,
    0.026001377884878153,
    0.025935753503667686,
    0.026596819813712,
    0.025858056937487148,
    0.02583601967882422,
    0.025421544274088444,
    0.02557544907769629,
    0.025257999069861276,
    0.02701940059230407,
    0.02540536740864041,
    0.02557734563136504,
    0.025461761032159972,
    0.026080755921332077,
    0.02617254802011777,
    0.02518620002943616,
    0.025199967171955023,
    0.02536330057042532,
    0.02538444639808716,
    0.025473381451131014,
    0.025268779967637968,
    0.025187447640750336,
    0.025236752984855317,
    0.02501708083760614,
    0.02507891395177489,
    0.02553038929711163,
    0.024756865776121205,
    0.02485410866067022,
    0.02486769415298413,
    0.025111421825123145,
    0.02482244645937125,
    0.025350322913154703,
    0.025714839618300202,
    0.024964313175676208,
    0.02469422166695166,
    0.024978116391245198,
    0.024785578360125248,
    0.024829226507160847,
    0.024755952634106713,
    0.02483671252337887,
    0.024688822442370653,
    0.024693206281787398,
    0.02471193805285375,
    0.024822020198414497,
    0.025272566923082926,
    0.024841187745227325,
    0.0249882808111638,
    0.025165837465225598,
    0.02485284537214614,
    0.025043521884748617,
    0.024774196504182243,
    0.024807060438052402,
    0.024974076256731526,
    0.024793114466524758,
    0.02503096381773852,
    0.024861402366713112
  ],
  "rmse": [
    0.16850101062714953,
    0.16868523882692762,
    0.1695758870686361,
    0.1645963079482979,
    0.16657752146449192,
    0.1648352171058919,
    0.1624405247713798,
    0.16222564709866918,
    0.1623195813503085,
    0.16310774491752014,
    0.1676195918088331,
    0.16502269121942287,
    0.16140386152208167,
    0.16835522546987156,
    0.16249112485527792,
    0.16124942490194216,
    0.1610458081333053,
    0.16308531504072535,
    0.16080440809519078,
    0.16073586670509776,
    0.15944134672923485,
    0.15992325605607707,
    0.15892764773567297,
    0.1643757894264962,
    0.15939061401587035,
    0.15992919015296944,
    0.15956741339712546,
    0.16149537305101566,
    0.16177932047232108,
    0.15870160583583237,
    0.15874497316504188,
    0.15925858888303523,
    0.15932496000548596,
    0.15960381761941045,
    0.15896156789476837,
    0.15870553760698425,
    0.15886079990629273,
    0.15816788221981834,
    0.15836323771496494,
    0.15978231039801433,
    0.15734314594512724,
    0.1576518473279816,
    0.15769494229344835,
    0.15846583253201849,
    0.15755140617056942,
    0.1592178474509252,
    0.16035847573472828,
    0.15800098762814668,
    0.15714395023115169,
    0.15804466506235101,
    0.15743435580660234,
    0.1575729274885508,
    0.15734024558194415,
    0.15759666786730153,
    0.15712676820313928,
    0.15714072022440378,
    0.15720030760868445,
    0.15755005249311904,
    0.15897347251194552,
    0.15761086192431345,
    0.15807681869663898,
    0.1586374337773256,
    0.15764785383190072,
    0.15825144889207432,
    0.15739820718921185,
    0.1575025718437356,
    0.15803188310382824,
    0.15745828860531175,
    0.15821176670161008,
    0.15767497925901117
  ],
  "mae": [
    0.07075145840644836,
    0.06541676074266434,
    0.07400961220264435,
    0.06404288858175278,
    0.0701175257563591,
    0.07170761376619339,
    0.06480862945318222,
    0.060793738812208176,
    0.06645755469799042,
    0.06501589715480804,
    0.06709682196378708,
    0.06506120413541794,
    0.06303676217794418,
    0.08351734280586243,
    0.06769957393407822,
    0.0657307431101799,
    0.06249973550438881,
    0.06703563034534454,
    0.06194420903921127,
    0.06225322186946869,
    0.05999220535159111,
    0.05695396661758423,
    0.05839311704039574,
    0.06968973577022552,
    0.05758776143193245,
    0.057058509439229965,
    0.05689414590597153,
    0.06382998079061508,
    0.06158549338579178,
    0.05781136453151703,
    0.05855580419301987,
    0.0597555972635746,
    0.060547176748514175,
    0.06098146736621857,
    0.06278856098651886,
    0.05666809529066086,
    0.06196131929755211,
    0.057850807905197144,
    0.0579899325966835,
    0.05815847963094711,
    0.055742308497428894,
    0.05752596631646156,
    0.056272950023412704,
    0.05951967462897301,
    0.05522841587662697,
    0.05971778929233551,
    0.0627766102552414,
    0.060805484652519226,
    0.05828389897942543,
    0.05697720870375633,
    0.056560929864645004,
    0.05740813538432121,
    0.05784474313259125,
    0.05701171234250069,
    0.05569871515035629,
    0.05525362491607666,
    0.05644320696592331,
    0.057463690638542175,
    0.05865500122308731,
    0.05384168028831482,
    0.0585230328142643,
    0.06019085645675659,
    0.056278031319379807,
    0.05888368934392929,
    0.05663479119539261,
    0.056936994194984436,
    0.056424565613269806,
    0.05738119035959244,
    0.057144369930028915,
    0.05919918790459633
  ],