{
  "train_loss": [
    0.057519,
    0.047876,
    0.047049,
    0.046466,
    0.046243,
    0.045716,
    0.045179,
    0.04477,
    0.044541,
    0.044298,
    0.04411,
    0.043911,
    0.043066,
    0.042956,
    0.04271,
    0.042712,
    0.042639,
    0.042552,
    0.042436,
    0.042346,
    0.042255,
    0.041773,
    0.041537,
    0.041466,
    0.041381,
    0.041376,
    0.041215,
    0.041252,
    0.041103,
    0.040742,
    0.040634,
    0.040524,
    0.040472,
    0.04052,
    0.040363,
    0.040121,
    0.040088,
    0.039938
  ],
  "val_loss": [
    0.037031,
    0.037069,
    0.035262,
    0.034405,
    0.034591,
    0.033671,
    0.03476,
    0.034279,
    0.033996,
    0.034609,
    0.036553,
    0.034392,
    0.033419,
    0.033475,
    0.033063,
    0.033698,
    0.033092,
    0.034417,
    0.03438,
    0.033797,
    0.033221,
    0.033751,
    0.032985,
    0.033929,
    0.03368,
    0.033757,
    0.033517,
    0.033568,
    0.034045,
    0.033864,
    0.033702,
    0.034113,
    0.033952,
    0.033887,
    0.034256,
    0.034137,
    0.033762,
    0.033897
  ],
  "rmse": [
    0.192433,
    0.192533,
    0.187781,
    0.185487,
    0.185987,
    0.183497,
    0.186441,
    0.185147,
    0.18438,
    0.186035,
    0.191188,
    0.185451,
    0.182808,
    0.182961,
    0.181834,
    0.183569,
    0.181912,
    0.185519,
    0.185418,
    0.18384,
    0.182266,
    0.183714,
    0.181617,
    0.184198,
    0.183522,
    0.183731,
    0.183077,
    0.183215,
    0.184514,
    0.184022,
    0.183581,
    0.184698,
    0.18426,
    0.184085,
    0.185084,
    0.184761,
    0.183744,
    0.184111
  ],
  "mae": [
    0.088166,
    0.085612,
    0.08508,
    0.082242,
    0.086617,
    0.079203,
    0.083724,
    0.081856,
    0.08077,
    0.083103,
    0.090501,
    0.089735,
    0.078722,
    0.079669,
    0.076332,
    0.079881,
    0.075077,
    0.083675,
    0.086082,
    0.080096,
    0.076753,
    0.079669,
    0.0759,
    0.08212,
    0.079873,
    0.080544,
    0.077161,
    0.078241,
    0.081301,
    0.079009,
    0.077864,
    0.081155,
    0.079617,
    0.078294,
    0.081449,
    0.079792,
    0.077361,
    0.078185
  ],
  "mape": [
    70.5295,
    68.2688,
    77.4321,
    70.6611,
    71.3796,
    72.1752,
    72.7499,
    73.0025,
    72.3907,
    71.394,
    68.5096,
    74.2253,
    67.8318,
    68.3128,
    69.7882,
    69.064,
    72.7512,
    68.8037,
    67.3019,
    67.5022,
    71.028,
    66.8049,
    66.4234,
    66.9719,
    66.8298,
    70.6076,
    68.9186,
    66.8203,
    65.8653,
    73.913,
    68.7441,
    66.0981,
    67.3607,
    69.199,
    67.0062,
    66.8354,
    71.1858,
    71.4791
  ],
  "r2": [
    0.962296,
    0.962257,
    0.964097,
    0.964969,
    0.96478,
    0.965716,
    0.964608,
    0.965097,
    0.965386,
    0.964762,
    0.962782,
    0.964982,
    0.965973,
    0.965916,
    0.966335,
    0.965689,
    0.966306,
    0.964956,
    0.964995,
    0.965588,
    0.966175,
    0.965635,
    0.966415,
    0.965454,
    0.965707,
    0.965629,
    0.965873,
    0.965822,
    0.965335,
    0.96552,
    0.965685,
    0.965266,
    0.965431,
    0.965496,
    0.965121,
    0.965242,
    0.965624,
    0.965487
  ],
  "nrmse": [
    0.056623,
    0.056652,
    0.055254,
    0.054579,
    0.054726,
    0.053993,
    0.054859,
    0.054479,
    0.054253,
    0.05474,
    0.056256,
    0.054568,
    0.05379,
    0.053835,
    0.053504,
    0.054014,
    0.053527,
    0.054588,
    0.054558,
    0.054094,
    0.053631,
    0.054057,
    0.05344,
    0.0542,
    0.054001,
    0.054062,
    0.05387,
    0.05391,
    0.054292,
    0.054148,
    0.054018,
    0.054347,
    0.054218,
    0.054166,
    0.05446,
    0.054365,
    0.054066,
    0.054174
  ]
}